Descriptions:,Unit:,Multiplier:,Currency:,Unique Identifier:,Series Name:,2005-01,2005-02,2005-03,2005-04,2005-05,2005-06,2005-07,2005-08,2005-09,2005-10,2005-11,2005-12,2006-01,2006-02,2006-03,2006-04,2006-05,2006-06,2006-07,2006-08,2006-09,2006-10,2006-11,2006-12,2007-01,2007-02,2007-03,2007-04,2007-05,2007-06,2007-07,2007-08,2007-09,2007-10,2007-11,2007-12,2008-01,2008-02,2008-03,2008-04,2008-05,2008-06,2008-07,2008-08,2008-09,2008-10,2008-11,2008-12,2009-01,2009-02,2009-03,2009-04,2009-05,2009-06,2009-07,2009-08,2009-09,2009-10,2009-11,2009-12,2010-01,2010-02,2010-03,2010-04,2010-05,2010-06,2010-07,2010-08,2010-09,2010-10,2010-11,2010-12,2011-01,2011-02,2011-03,2011-04,2011-05,2011-06,2011-07,2011-08,2011-09,2011-10,2011-11,2011-12,2012-01,2012-02,2012-03,2012-04,2012-05,2012-06,2012-07,2012-08,2012-09,2012-10,2012-11,2012-12,2013-01,2013-02,2013-03,2013-04,2013-05,2013-06,2013-07,2013-08,2013-09,2013-10,2013-11,2013-12,2014-01,2014-02,2014-03,2014-04,2014-05,2014-06,2014-07,2014-08,2014-09,2014-10,2014-11,2014-12,2015-01,2015-02,2015-03,2015-04,2015-05,2015-06,2015-07,2015-08,2015-09,2015-10,2015-11,2015-12,2016-01,2016-02,2016-03,2016-04,2016-05,2016-06,2016-07,2016-08,2016-09,2016-10,2016-11,2016-12,2017-01,2017-02,2017-03,2017-04,2017-05,2017-06,2017-07,2017-08,2017-09,2017-10,2017-11,2017-12,2018-01,2018-02,2018-03,2018-04,2018-05,2018-06,2018-07,2018-08,2018-09,2018-10,2018-11,2018-12,2019-01,2019-02,2019-03,2019-04,2019-05,2019-06,2019-07,2019-08,2019-09,2019-10,2019-11,2019-12,2020-01,2020-02,2020-03,2020-04,2020-05,2020-06,2020-07,2020-08,2020-09,2020-10,2020-11,2020-12,2021-01,2021-02,2021-03,2021-04,2021-05,2021-06,2021-07,2021-08,2021-09,2021-10,2021-11,2021-12,2022-01,2022-02,2022-03,2022-04,2022-05,2022-06,2022-07,2022-08,2022-09,2022-10,2022-11,2022-12,2023-01,2023-02,2023-03
"Bank credit, large domestically chartered commercial banks, not seasonally adjusted",Currency,1000000,USD,H8/H8/B1001NLGDM,B1001NLGDM,4130217,4162703.5,4184286.6,4201520.2,4244740.1,4255825.1,4288350.8,4329891.2,4349795.5,4362050.1,4385673.4,4410568.1,4434483.4,4480015.9,4497067.8,4562070.3,4621610.7,4638115.9,4656272.9,4684218.5,4688706.3,4823250.4,4872798.6,4904799.8,4916090.6,4940955.1,4943560.2,4968994.1,5003651.9,5031104.8,5051171.7,5126712.5,5199225,5247522.6,5315693.3,5331723.1,5332827,5345472.1,5381697.3,5403595.1,5415566.4,5403191.9,5386636.1,5383681.1,5528372,5861316.1,5817095.2,5741398.9,5710550.3,5709362.3,5671147.2,5649198.9,5713603.4,5713646.9,5649747.7,5636212.2,5598115.6,5546897.8,5626501.5,5619123.7,5584112,5534105.8,5578584.6,5849710.4,5811893.3,5780990.5,5796414.2,5840212.2,5855396.8,5862899.6,5874593.3,5855460.4,5799127,5738510.1,5730203.1,5742117.4,5733564.3,5729238.2,5733071.9,5788869.1,5834240.9,5869227.3,5899360.8,5924718.9,5936350.5,5938261.8,5937965.9,5967382.4,5985906.4,5993658.9,6034282.6,6067024.2,6102487.8,6121946.9,6191803.7,6247493.7,6243417.3,6214613.6,6201746.4,6256075.5,6249379.5,6248133.2,6211920.3,6201473,6209311.9,6231937.4,6256958.9,6301048.9,6302572.5,6325722.6,6345763.2,6384382.1,6423055.4,6456986.3,6487574.7,6526621.9,6578005.4,6601822.7,6655097.5,6730388,6799042.8,6822278.3,6840094.5,6882446,6931237.4,6960275.3,6959788.1,7000090.4,7020550.5,7071146.5,7144598.8,7202153.8,7214304.1,7240491.8,7266358.3,7318203.7,7365499.2,7397514.6,7448868.2,7482664.8,7543825.8,7607066.1,7632125.5,7638457.7,7635461.6,7632122.2,7616307.5,7639797,7669941.4,7667034,7682959.9,7698358,7723432.3,7765297.2,7792016.5,7824468.2,7794214.7,7756849.2,7737756.1,7746647.5,7751807.6,7806630,7823370.2,7835733.2,7853276.9,7889034.2,7945557.9,8045124.8,8072284.6,8062762.2,8077549.4,8130635.8,8158883.9,8219709.6,8246497.8,8310958.6,8385577.9,8431313.2,8509136.6,8524982,8505527.3,8520993.5,8810954.1,8978654.6,8957689.5,8959423,8991490.2,9020777.7,9029964.1,9055007.4,9161852.1,9191836.8,9200944,9221776.1,9281300.2,9354594.7,9428176,9468987.3,9498457.2,9569998.6,9623696.5,9760962,9897469.2,10015421.9,10092292.6,10104629.5,10153650.8,10221746.6,10265847.7,10305363.5,10327513.7,10340073.7,10294004.8,10286838.5,10320165.4,10340310.8,10304189.1,10278661.2,10254746.7
"Securities in bank credit, large domestically chartered commercial banks, not seasonally adjusted",Currency,1000000,USD,H8/H8/B1002NLGDM,B1002NLGDM,1028850.4,1062448.4,1070014.8,1065924,1094575.6,1070185.2,1069125.3,1063423.2,1051063.4,1041106,1035969.7,1031681.4,1044052.9,1075229.4,1080036.1,1109911,1120725.1,1121267,1128118.3,1136597.1,1119993.7,1137170.3,1151071.5,1143259.9,1144866.5,1158754.7,1169818,1163518,1162058.4,1160216.7,1162644.7,1187221.3,1200563.7,1181507.6,1203423.2,1190709,1169289.7,1174348.4,1191715.5,1195709.7,1218100.6,1234491.4,1223176.6,1221698.2,1271497.5,1389845.4,1361917,1299485.2,1322598.4,1333938.7,1349587.4,1338754.5,1371945.5,1412804.3,1413915.6,1443306.8,1457156.6,1450017.2,1473487.2,1500518.2,1507379.6,1511214.4,1511449.9,1500725.4,1485103.2,1473622.7,1517166.4,1560398,1585325.5,1606709.7,1611251.1,1568323.3,1557723.4,1535048.6,1551093.2,1562131.8,1550821.7,1537298.5,1532491,1564665.7,1594098.9,1608085.6,1614573.5,1609186.4,1621515.8,1637802.3,1645174,1656063.7,1658591.3,1662250.8,1693893.2,1706638.5,1722808.6,1730523.1,1760368.9,1780867.6,1764019.2,1752787,1755493.2,1790827,1781924.4,1762256.9,1738167.7,1730810.8,1727449,1740979.7,1753957.6,1762182.7,1768274.4,1781358.3,1802667.5,1814122.4,1828290.3,1829961.1,1847810,1860356.8,1891396.9,1909589.4,1938835.1,1973301.2,1999837.7,2025950,2027691,2041091.7,2061251.8,2047759.1,2032680.8,2043981.5,2041788.7,2059942.2,2088448.8,2097209.4,2099518.5,2104005.8,2101008.3,2123737.8,2139908.1,2139997.8,2165505.7,2190127.2,2223480.4,2254370.9,2262001.6,2249385.1,2257721.9,2266504.9,2265586.2,2273369.4,2282100.6,2263016.9,2262548.5,2272170.3,2280976.7,2301994.6,2314348.2,2312064.2,2300770.6,2273246.2,2256139.5,2238258.9,2242553.5,2261562.6,2274441.2,2285716.2,2284920.7,2293353.9,2322954.3,2358567.5,2384180.7,2380108.3,2395875,2436535,2442047,2473254.9,2492752.6,2538247.8,2599890,2621890.7,2674551.3,2651336.1,2648629.1,2666925.3,2763616.6,2776262.6,2795052.4,2900361.9,3004588.4,3084681.6,3134311.4,3208461.3,3319345.4,3333452.6,3385512.9,3430573.9,3512465.3,3596273.2,3653027.3,3685505.8,3701210.9,3750213.2,3785665.6,3892147,3973499.4,3990490.4,4057837.6,4058974.7,4049707.2,4046876,4015084.2,3968435.1,3950260.8,3926040.2,3852598.6,3803719.3,3796530.8,3775504.8,3777429.4,3758062.8,3715101.3
"Treasury and agency securities, large domestically chartered commercial banks, not seasonally adjusted",Currency,1000000,USD,H8/H8/B1003NLGDM,B1003NLGDM,705777.6,730469.3,732400.5,723350,732789.1,703631.8,705101.3,698569,687767,687426.9,685430.2,676042.4,686262.1,714588.6,718435.9,742306.8,746462,746473.2,748718.1,753518.7,734675.3,747369.1,752644.9,734275.8,736634.2,746785.6,755375.3,738167.1,729084.8,723326.6,724423.5,723434.7,705928.5,674082.3,684648.1,678618.7,661252.6,666253.2,684645.8,673450.6,679790.8,696399.5,698480,717742.8,732194.8,802540.6,839366.9,807065.5,825288.5,817029.5,825770.7,807621.7,809868.4,852924.3,874922.9,901809.9,913876.2,903866.7,926607.9,950565.7,952487.9,968916.3,983638.6,999081,988907.1,984961.9,1030589.4,1071780.6,1088189.7,1108869.9,1118465.6,1092346,1083309.4,1062582.4,1075366.4,1095381,1082377.6,1069433.5,1063053,1084204.5,1100918.6,1113907.9,1114991.9,1111509,1118422.9,1133877.9,1151205.4,1168671.2,1172351.5,1174414.1,1202247.7,1210514.2,1209314.1,1208243.3,1231064.1,1245348.2,1226922.3,1218353.6,1218642.4,1246535,1232524.9,1219426,1188968.1,1173716.3,1170322.4,1178420.9,1189443.9,1194105.4,1204740.6,1219504.9,1239436.2,1255916.5,1272744.5,1274122.8,1291827.7,1308129.8,1344455.1,1363967.8,1388078.7,1418737.8,1446643.8,1472946.3,1472808.2,1482050.1,1505543.3,1496503.1,1486867,1498774.8,1503787,1521229.9,1548005.2,1555447.7,1554824.5,1558230.6,1553878.7,1575020.3,1591056.4,1587236,1611143.6,1632724,1661721.9,1691335.5,1706532.2,1699046.9,1710525.1,1716224.6,1711769.6,1716564.4,1728684.4,1712867.8,1717500.8,1726664.1,1734607.1,1757088,1767695.9,1765568,1754848.3,1734829.7,1727910,1731297.1,1741988.6,1758262.9,1768692.4,1777012.2,1780182.6,1792000.4,1825473.9,1876182.6,1906580.6,1903147.5,1918281.4,1946535.6,1956689.1,1988402.3,2011550.9,2058954.8,2114448.1,2134492.4,2182720.4,2159916.9,2161782.3,2175561.2,2273973.7,2284126.9,2314328,2411449.9,2505349.5,2585061.9,2631456.1,2695630.8,2799847.6,2817881.8,2884284.2,2925331.1,2978833.2,3026647.8,3076767.2,3108629.2,3130028.3,3180023.7,3208542.4,3305889.2,3381353.2,3393651.6,3466647.4,3464300.4,3432767.5,3410964.2,3389947.6,3348103.5,3333129.2,3316032.2,3254871.1,3217376.6,3211042,3191582.9,3180044.8,3166624.1,3129454.8
"Treasury and agency securities: Mortgage-backed securities (MBS), large domestically chartered commercial banks, not seasonally adjusted",Currency,1000000,USD,H8/H8/B1301NLGDM,B1301NLGDM,533713.5,540356.6,542994.3,543829.9,549375.3,523522.7,527865.6,524619.9,522883.3,519181,519567.2,520156.2,540662.8,561491.3,569489.1,583826.4,595221.8,600418.5,608460.2,614746.2,598695.8,605959.5,609504.7,601761.9,602950.4,616068.4,623886.6,607122.1,597679.1,589354.9,588216,586676.2,570619.7,541842,548106,545232.8,538195.9,549482.6,569154,567561.7,581696.4,598416.5,611432.2,634094.4,645616.3,683244.7,715043.1,692598.9,703436.5,688589.5,683173.6,667014.8,662108.5,697295.6,705663.7,708129.6,710330.5,702979.5,721098.6,731352.1,729202.2,737532.1,727897.6,726981.1,725194.3,719041.1,750790.6,766668.6,777744.3,800085.4,823053.5,804966.6,800676.6,789260.2,793728.2,813912.2,811293.3,814214.2,820643.5,835875.2,854098.9,868652,878954.3,886447.3,895468.4,905389.8,921588.2,937338.2,932588.5,927429.9,930027.1,937407.6,940818.7,933564.8,945310.3,952199.6,943346.7,942797,941088.2,972370.1,971112.5,968639.4,960301.8,945411.6,943259.2,946260.6,953996.5,946391.5,947944.4,956237.6,957400.5,956721.8,962826.7,960240.9,964231.9,966498.7,983250.2,997247.4,1003421.1,1006652.7,1021099.5,1041520.5,1053018.4,1059680.8,1074471.5,1076878.6,1077530.5,1096538.9,1106399.4,1127166.8,1143447.2,1145599.7,1132747.1,1133197.4,1132454.4,1148904.1,1160007.5,1159244.3,1171139.2,1192111.3,1209522.4,1227028.2,1231653.4,1224652.2,1228173.1,1234038.7,1233903.5,1241012.8,1261504,1272308,1283231.8,1291593.5,1302012.8,1315432.2,1324665.3,1322812.6,1308837.9,1293222.4,1290651.1,1294923.4,1306714.7,1320303.8,1327075.9,1334638.9,1334240.9,1337433.7,1357544.7,1382136.3,1406398,1412762.5,1421008.6,1444736.4,1448669.4,1468776.7,1471742.4,1481556.1,1506938.3,1522403,1549177.6,1525173,1539528.8,1544727.9,1592827.5,1638577.7,1636194.4,1632205.3,1662618.7,1724559.9,1714941.8,1767009.9,1844950.7,1860951.3,1902785.5,1940511.8,1970105.5,1993846,2024018.4,2028199.5,2036679.6,2061192.2,2061225.8,2072677.2,2078227.1,2072788.8,2116291.6,2123350,2110119.3,2090998,2067201,2034252.5,2030754.3,2031074.2,2003367.8,1976351.3,1972290.2,1967579,1960177.1,1965416.1,1957075.7
"Treasury and agency securities: Non-MBS, large domestically chartered commercial banks, not seasonally adjusted",Currency,1000000,USD,H8/H8/B1302NLGDM,B1302NLGDM,172064.2,190112.7,189406.2,179520.1,183413.9,180109.2,177235.8,173949.1,164883.7,168245.9,165863,155886.2,145599.3,153097.3,148946.8,158480.5,151240.2,146054.7,140257.9,138772.4,135979.5,141409.6,143140.2,132513.9,133683.8,130717.2,131488.7,131045,131405.7,133971.7,136207.5,136758.5,135308.8,132240.3,136542.1,133385.9,123056.7,116770.6,115491.7,105888.9,98094.4,97983,87047.8,83648.4,86578.5,119296,124323.8,114466.5,121852,128440.1,142597.1,140606.9,147760,155628.8,169259.2,193680.3,203545.7,200887.2,205509.3,219213.6,223285.7,231384.2,255741.1,272099.9,263712.8,265920.8,279798.8,305112,310445.3,308784.4,295412.1,287379.5,282632.8,273322.2,281638.2,281468.7,271084.3,255219.3,242409.5,248329.4,246819.7,245255.8,236037.6,225061.7,222954.5,228488,229617.2,231333,239762.9,246984.2,272220.6,273106.6,268495.4,274678.5,285753.7,293148.6,283575.6,275556.6,277554.2,274164.9,261412.4,250786.6,228666.3,228304.8,227063.1,232160.3,235447.4,247713.9,256796.2,263267.3,282035.7,299194.7,309917.8,313882,327595.8,341631.1,361204.9,366720.4,384657.6,412085.1,425544.4,431425.7,419789.7,422369.3,431071.8,419624.5,409336.5,402235.9,397387.6,394063.1,404558,409848,422077.4,425033.2,421424.4,426116.1,431048.9,427991.8,440004.3,440612.7,452199.5,464307.3,474878.7,474394.7,482352,482186,477866,475551.5,467180.4,440559.8,434269,435070.6,432594.3,441655.9,443030.7,442755.4,446010.4,441607.3,437258.9,436373.7,435274,437959.1,441616.6,442373.3,445941.6,454566.8,467929.1,494046.3,500182.6,490385,497272.8,501799.2,508019.6,519625.5,539808.5,577398.7,607509.8,612089.5,633542.7,634743.9,622253.5,630833.3,681146.1,645549.2,678133.6,779244.5,842730.7,860502,916514.3,928620.8,954896.9,956930.6,981498.7,984819.4,1008727.7,1032801.8,1052748.7,1080429.7,1093348.8,1118831.5,1147316.6,1233212,1303126.1,1320862.8,1350355.8,1340950.4,1322648.2,1319966.2,1322746.6,1313851,1302374.9,1284958,1251503.2,1241025.3,1238751.8,1224003.9,1219867.7,1201208,1172379.1
"Other securities, large domestically chartered commercial banks, not seasonally adjusted",Currency,1000000,USD,H8/H8/B1011NLGDM,B1011NLGDM,323072.8,331979.1,337614.3,342574,361786.5,366553.4,364023.9,364854.2,363296.4,353679.1,350539.5,355638.9,357790.8,360640.7,361600.2,367604.2,374263.1,374793.9,379400.3,383078.5,385318.4,389801.2,398426.6,408984.1,408232.3,411969.2,414442.8,425350.9,432973.6,436890.1,438221.2,463786.6,494635.2,507425.3,518775.1,512090.3,508037.1,508095.3,507069.7,522259.1,538309.8,538091.9,524696.5,503955.4,539302.7,587304.8,522550.1,492419.7,497310,516909.1,523816.7,531132.8,562077,559879.9,538992.6,541496.9,543280.4,546150.5,546879.3,549952.6,554891.6,542298.1,527811.2,501644.4,496196.1,488660.8,486577,488617.5,497135.8,497839.8,492785.5,475977.3,474414,472466.2,475726.8,466750.9,468444.1,467864.9,469438,480461.2,493180.3,494177.7,499581.5,497677.4,503092.9,503924.5,493968.6,487392.6,486239.8,487836.6,491645.5,496124.3,513494.5,522279.7,529304.9,535519.4,537096.9,534433.3,536850.9,544292,549399.5,542830.9,549199.6,557094.5,557126.7,562558.8,564513.7,568077.3,563533.8,561853.4,563231.4,558205.9,555545.8,555838.2,555982.3,552227.1,546941.9,545621.7,550756.4,554563.3,553193.9,553003.7,554882.8,559041.6,555708.5,551256,545813.8,545206.8,538001.7,538712.3,540443.6,541761.6,544694,545775.2,547129.6,548717.5,548851.6,552761.8,554362.1,557403.2,561758.5,563035.4,555469.4,550338.2,547196.8,550280.3,553816.6,556805.1,553416.2,550149.1,545047.7,545506.2,546369.6,544906.6,546652.3,546496.2,545922.3,538416.5,528229.5,506961.7,500564.9,503299.7,505748.8,508704,504738.2,501353.5,497480.5,482384.9,477600.1,476960.9,477593.6,489999.5,485358,484852.7,481201.7,479293,485441.9,487398.2,491830.9,491419.2,486846.9,491364.2,489642.9,492135.7,480724.4,488912.1,499239,499619.7,502855.3,512830.6,519497.8,515570.7,501228.7,505242.8,533632.1,569625.4,576260.1,576876.6,571182.5,570189.5,577123.2,586257.7,592146.3,596838.8,591190.3,594674.3,616939.6,635911.8,625136.6,620331.6,617131.7,610008,597727.5,586342.6,585488.7,583922,597384.6,591438.7,585646.5
"Other securities: Mortgage-backed securities, large domestically chartered commercial banks, not seasonally adjusted",Currency,1000000,USD,H8/H8/B1303NLGDM,B1303NLGDM,102907.5,109155.9,110683.3,111884.9,118395.1,121368.2,122010,123577.2,124615.7,127406.1,132271.9,129691.8,120537,117870.6,117230.7,117046.5,119027.7,120235.4,120290.7,122897.4,121350.8,119630.8,118597.6,125090.5,132154.9,135617.6,134238.1,138125.4,134452.2,135352.6,131073.6,134367.4,141806.6,155085.2,172852.6,187281.2,193143.5,192999.9,192848.6,197471.2,200053.7,199042.9,199516.6,191294.9,189073,188597.6,168686.1,157667.5,163365.3,161385.6,156840,160920.4,171989.5,173468.7,177477.6,178622.2,180273,177831.8,178525.2,175969.1,177612.8,174524.6,169251.5,159102,154562.6,148821.2,146415.7,144566.2,140926.6,138577.5,137437.1,130378.8,127249,126962.6,128772.7,122961.2,122996.3,119341.2,113020.7,113748.5,113153.6,113814.9,113290.5,111009,110160.6,110857.7,107896.5,111989.4,110134.2,110539.1,111986.2,113990.4,114496.1,114903.9,118934.1,117914.1,117746.7,117789.4,117069.3,116764.8,118093.6,117267.8,118598.7,120983.6,119007.2,118337.8,118992.6,117528.8,116986.3,115720.4,114842.1,113888.8,112072.7,110754.9,110444.6,110013.5,109407.1,109907.7,109843.1,110820.3,110184.9,109211.4,110418.9,111487.8,111092.6,108607.5,107428.2,106206,104949.2,104910.4,104047.2,103099.3,100770.7,99263.9,97697.8,95675.9,95078.1,95535.7,91598.5,88281.5,85947.3,83953.6,82180.8,80831.1,78814.4,77038.2,75787.1,76510.8,74605.9,73202.7,71845.5,70036.6,69069,68808.7,66969.2,64968.1,64314.2,64896.4,62873.7,61644.6,60170.7,60429.8,58980.4,57382.4,56999.7,56391.7,55400.9,53573.8,53357.1,54323.9,55031.6,56421.6,58037.7,57642.2,56482.9,56542.5,56020.5,55545.7,54610.7,54394.4,54177.9,58162.4,59220,59853.4,60675.1,61795.2,61554.2,59734.7,58703.4,58124,56607.4,56727.1,55260.6,54891.8,55589.7,55340.5,55399.9,55905.9,56502.5,56822.2,57380.5,59823.7,61983.1,64129.2,63449.4,65673.6,67966.9,68855.1,69826.9,69127.9,69271.6,68631.6,67465.1,66156.7,65943.4,66224.9,66156,66060.2,65909.1
"Other securities: Non-MBS, large domestically chartered commercial banks, not seasonally adjusted",Currency,1000000,USD,H8/H8/B1304NLGDM,B1304NLGDM,220165.4,222823.2,226931,230689.1,243391.4,245185.2,242013.9,241277,238680.7,226273,218267.6,225947.1,237253.8,242770.2,244369.5,250557.7,255235.4,254558.5,259109.6,260181,263967.6,270170.3,279829,283893.7,276077.3,276351.6,280204.7,287225.5,298521.4,301537.6,307147.7,329419.2,352828.6,352340.1,345922.4,324809.1,314893.6,315095.3,314221.1,324787.9,338256.2,339049,325179.9,312660.5,350229.7,398707.1,353864,334752.2,333944.7,355523.6,366976.7,370212.4,390087.6,386411.2,361515.1,362874.7,363007.4,368318.6,368354.1,373983.5,377278.8,367773.5,358559.7,342542.4,341633.5,339839.6,340161.3,344051.3,356209.2,359262.3,355348.4,345598.5,347164.9,345503.6,346954,343789.7,345447.7,348523.7,356417.3,366712.7,380026.6,380362.8,386291,386668.4,392932.2,393066.8,386072,375403.1,376105.6,377297.5,379659.3,382133.9,398998.4,407375.8,410370.8,417605.3,419350.2,416643.9,419781.6,427527.2,431305.9,425563,430600.9,436110.9,438119.5,444221,445521.1,450548.5,446547.5,446133,448389.3,444317.1,443473.1,445083.3,445537.7,442213.6,437534.8,435714,440913.3,443743.1,443009,443792.3,444463.9,447553.8,444615.9,442648.5,438385.6,439000.8,433052.5,433801.9,436396.4,438662.3,443923.3,446511.3,449431.9,453041.6,453773.5,457226.1,462763.6,469121.7,475811.2,479081.8,473288.6,469507.1,468382.4,473242.1,478029.5,480294.2,478810.3,476946.5,473202.2,475469.6,477300.6,476097.9,479683.1,481528,481608.1,473520.2,465355.7,445317.1,440394.2,442870,446768.4,451321.7,447738.5,444961.8,442079.6,428811,424243,422636.9,422562,433577.8,427320.3,427210.4,424718.8,422750.5,429421.4,431852.6,437220.2,437024.8,432669,433201.8,430422.9,432282.3,420049.3,427116.9,437684.7,439885,444151.9,454706.6,462890.4,458843.6,445968.1,450351,478042.3,514284.9,520860.2,520970.6,514680,513367.3,519742.8,526434,530163.2,532709.6,527740.9,529000.7,548972.7,567056.7,555309.7,551203.7,547860.1,541376.4,530262.4,520186,519545.4,517697.1,531228.6,525378.5,519737.5
"Loans and leases in bank credit, large domestically chartered commercial banks, not seasonally adjusted",Currency,1000000,USD,H8/H8/B1020NLGDM,B1020NLGDM,3101366.6,3100255.1,3114271.8,3135596.2,3150164.4,3185639.9,3219225.5,3266468,3298732.2,3320944.1,3349703.7,3378886.8,3390430.5,3404786.6,3417031.7,3452159.3,3500885.6,3516848.9,3528154.5,3547621.3,3568712.6,3686080.2,3721727.1,3761539.9,3771224.2,3782200.4,3773742.2,3805476.2,3841593.5,3870888,3888527,3939491.2,3998661.3,4066015,4112270.1,4141014.1,4163537.3,4171123.6,4189981.9,4207885.4,4197465.8,4168700.5,4163459.5,4161982.8,4256874.5,4471470.7,4455178.2,4441913.8,4387951.9,4375423.7,4321559.9,4310444.4,4341657.9,4300842.6,4235832.1,4192905.4,4140959,4096880.6,4153014.3,4118605.4,4076732.5,4022891.4,4067134.7,4348985,4326790.1,4307367.8,4279247.9,4279814.2,4270071.4,4256189.9,4263342.3,4287137.1,4241403.7,4203461.5,4179109.9,4179985.5,4182742.6,4191939.7,4200580.8,4224203.4,4240142,4261141.7,4284787.3,4315532.5,4314834.7,4300459.5,4292792,4311318.7,4327315.1,4331408.1,4340389.4,4360385.7,4379679.2,4391423.8,4431434.7,4466626.1,4479398,4461826.6,4446253.1,4465248.5,4467455,4485876.3,4473752.7,4470662.2,4481862.9,4490957.7,4503001.3,4538866.2,4534298.1,4544364.3,4543095.6,4570259.6,4594765.1,4627025.2,4639764.7,4666265,4686608.5,4692233.3,4716262.4,4757086.8,4799205.1,4796328.4,4812403.6,4841354.3,4869985.6,4912516.2,4927107.3,4956108.8,4978761.8,5011204.3,5056150,5104944.5,5114785.6,5136486,5165350,5194465.9,5225591.2,5257516.8,5283362.5,5292537.5,5320345.4,5352695.2,5370123.9,5389072.5,5377739.6,5365617.3,5350721.3,5366427.5,5387840.9,5404017.1,5420411.4,5426187.6,5442455.6,5463302.6,5477668.2,5512404.1,5493444.1,5483603,5481616.7,5508388.6,5509254.1,5545067.5,5548929,5550017,5568356.1,5595680.2,5622603.5,5686557.3,5688104,5682653.9,5681674.3,5694100.8,5716836.9,5746454.6,5753745.2,5772710.9,5785687.9,5809422.5,5834585.3,5873646,5856898.2,5854068.1,6047337.5,6202391.9,6162637.1,6059061.1,5986901.7,5936096.1,5895652.7,5846546.1,5842506.7,5858384.2,5815431,5791202.2,5768834.9,5758321.4,5775148.7,5783481.5,5797246.3,5819785.5,5838030.8,5868815,5923969.8,6024931.5,6034455,6045654.8,6103943.6,6174870.6,6250763.5,6336928.4,6377252.9,6414033.5,6441406.2,6483119.2,6523634.6,6564805.9,6526759.7,6520598.4,6539645.4
"Commercial and industrial loans, large domestically chartered commercial banks, not seasonally adjusted",Currency,1000000,USD,H8/H8/B1023NLGDM,B1023NLGDM,577420.4,586123.4,595631.1,602239.5,607598.1,611950.9,613077.1,616360.6,621261.3,633042.7,639071.1,644878.8,652094.3,658222.8,664216.9,674717.9,686766.9,685687.4,686170.4,694501.2,695526.9,708755.4,713540.2,719694.1,720586.9,729540.1,735573.1,742946.7,754026.7,760315.3,762231.6,784013.4,816980.6,836470.6,840966.8,848885.8,853804.7,858871.4,867518.7,879383.2,881210.3,881495.9,883399.9,882648.6,896992.2,929578.5,921811.4,909442.5,889709,884278,869575.6,857271,847452.2,825250.6,788649.7,769503.9,755180.5,738516.9,729839.8,714025.9,693714.3,686099.6,676466.6,679259.4,673128.3,664288.5,659999.8,662485.1,665152.4,665351.7,666783.2,671205.7,668240.2,671982.3,679830.9,688385.9,699380.8,701094,704621.1,717202.6,724597.9,732919,742171.4,752978.9,757250.3,767726.7,776573.8,791945.6,799943.7,805207,810583.2,818161,825834.2,840842,847114.5,861692.1,864190.1,865925.7,880495.8,888262.4,889391.7,895112,893063,892737.4,895638.6,904572.9,904174.1,913737.6,916244.3,939491.7,948929.2,964394.1,972272.3,977381.5,979297,984927.6,994705,1001530.3,1014511.6,1027356.5,1032960.3,1043081.2,1061393.3,1072328.1,1084319.8,1094055.1,1088847.8,1095122.2,1100216.4,1111449.6,1121172.5,1122051.1,1123770.2,1149759.4,1179010.9,1191387,1199022.9,1197460.4,1192094.4,1185814.4,1195930,1211061.3,1215413.9,1215067.7,1211523.3,1223047.9,1221135.2,1228998,1231139,1226468.6,1217465.9,1214001.7,1217190.3,1223039.8,1222471.1,1224139.3,1219745.5,1228886.4,1242483.4,1260944.4,1264804.3,1269668.3,1266328.1,1262775.1,1267988.6,1283903.2,1307005,1327656,1332879.1,1343842.9,1356004.4,1357804.5,1358133.3,1356903.7,1353615.8,1357932.5,1355292,1352287.6,1351439.8,1341696.7,1337038,1350040.1,1490148.7,1669117.4,1674944.5,1579267.2,1515599.9,1473959.9,1425885,1387496.3,1372809.4,1363476.6,1342131.5,1352697.1,1355929.4,1349963.2,1343779.7,1312240.6,1292836.9,1278832.5,1270271.6,1272447.6,1295695.4,1322091.4,1328347.7,1348930.7,1386410.2,1413724.1,1439651.5,1468953.5,1478808.9,1482105.6,1479288.3,1487607.9,1502391.6,1507933.2,1502537.5,1509424.2,1517893.5
"Real estate loans, large domestically chartered commercial banks, not seasonally adjusted",Currency,1000000,USD,H8/H8/B1026NLGDM,B1026NLGDM,1625778.2,1626399.7,1637648.3,1657636.6,1667131.6,1693184,1726673.2,1757439.1,1770418.3,1781214.4,1795596.8,1807398.8,1814526.6,1827741.9,1830693.4,1849231,1873152,1897684.7,1917822.9,1920597.6,1938729,2078127.9,2096429,2106732,2116050.6,2128066.7,2123549.3,2140082.7,2161618.5,2177694.6,2192469.4,2203388.1,2210573.6,2254984.9,2277009.7,2276201.5,2283885.6,2283980,2289225.2,2291832.1,2279862.8,2256908.9,2241830.6,2237240.5,2270116.1,2423366.8,2428168.7,2419546.6,2386382.1,2388355.2,2382301.3,2400011.7,2446141.4,2431893.9,2411462.6,2396659.4,2355911.1,2342606.9,2407332.1,2390927.6,2380142.1,2349874.7,2332783.7,2338398.4,2333140.2,2322047.6,2304694.5,2304111.1,2301775.7,2293544.3,2296907.4,2295941.3,2283025,2259300.8,2234363.7,2217673,2210499.7,2208042.4,2206284,2210413.4,2210226.1,2213822.8,2219022.2,2210853,2211589.7,2205052.2,2198133.2,2196508.5,2198019.3,2184684.5,2184021.3,2187034.6,2191156.9,2189137.8,2222982.5,2221665.9,2228894.8,2218801.6,2202983.9,2201874.7,2191073.6,2188738.1,2173116.2,2159280.6,2156608.5,2148310.3,2147105.9,2143427,2138843.6,2135423.2,2124875.8,2127190.6,2130726.6,2140336.5,2140728.4,2143767.3,2141121.6,2135230.4,2133394.2,2130491.7,2158925.4,2159007.3,2162716,2163776.3,2165990.3,2179594.1,2186775,2192012.8,2194049.5,2198961.7,2223207.2,2229253.8,2234224.7,2244383.5,2246067.5,2248794.8,2262610.1,2273334.8,2287718.5,2295648.7,2301909.4,2311712.2,2314654.7,2303542,2301950.5,2294975.7,2289182.5,2292976.3,2302877.1,2310368.2,2321908.4,2323679.8,2319010.2,2324658.2,2324565.1,2326035.8,2318176.8,2314973.4,2311162.1,2311882.5,2301773.9,2313314.1,2318420.8,2316438.7,2319394.9,2323082.7,2319322.3,2312525.8,2309314.8,2305340.3,2304468.8,2303240.4,2313969.3,2319342.8,2326435.3,2325473.5,2329244.6,2342013.8,2352823.3,2356141.7,2351538.7,2342633.4,2343512.4,2345268.8,2342114,2349121.9,2364041.4,2360396.6,2347663.9,2338884.1,2321944.7,2305091.1,2306992.4,2283774.3,2264354,2248665,2238222.5,2239337,2247033.5,2259458.7,2259863.3,2272236.5,2272864.7,2277617.4,2278437.3,2274366.2,2277837.6,2297393.6,2315474.1,2330609.7,2346332.4,2362248,2369874.6,2380102,2384175.7,2390845,2387314.8,2388175.9,2392049.2
"Real estate loans: Residential real estate loans, large domestically chartered commercial banks, not seasonally adjusted",Currency,1000000,USD,H8/H8/B1221NLGDM,B1221NLGDM,1120639.1,1117865.3,1126469.5,1142042.4,1143785.9,1162699.3,1187627.2,1211299.4,1214622.3,1219144.2,1228380.9,1233129.3,1231923.9,1239599,1240189.3,1253544.9,1268935.2,1287918.5,1303109.1,1299855,1309628.9,1431295.7,1443146.6,1451649.3,1458299.6,1465741.6,1462241.2,1477446.4,1493172,1505168.8,1517080.4,1522972.1,1527643.8,1564541,1581014,1576881.1,1580145.1,1574922.8,1575615.7,1575105.2,1559390.9,1534426.3,1521140.1,1516122,1540602.2,1651220.9,1651505.1,1642139.8,1618880.3,1623160,1618172.9,1639540.7,1686931.2,1677089.1,1663173,1653859.8,1620232.6,1611077.7,1676818.8,1669746.1,1663653.4,1637935.2,1626844.6,1638610.2,1639239.4,1633862.6,1623716.7,1628095.4,1632778.9,1632590.3,1642914.1,1648186.9,1642428.2,1623449.7,1603392.1,1592505.6,1587130.9,1587218.3,1589978.1,1598444.8,1598786,1607184.8,1611668.2,1605702.5,1609104.7,1604170.6,1598681.9,1597760.9,1604162.6,1592352,1593027.2,1598174.3,1601415.8,1601029.2,1630402.3,1624956.9,1631786.3,1624767.6,1611008.6,1610059.8,1596336.5,1592790.3,1575918.6,1559888.6,1552683.6,1542536.9,1534741.9,1528150.2,1522346,1516721.9,1505130.1,1506504.1,1506546.8,1512420,1510243.1,1511732.7,1507465.7,1501145.1,1495284.9,1488319.7,1488428.5,1487893.1,1484074.3,1485894.4,1487664.2,1493021.1,1492164.5,1493189.7,1487921.3,1487240.3,1507293.5,1505490.8,1503382.2,1505774.7,1505790.8,1505418.7,1516213,1520882.1,1530762.3,1535597.5,1535536.1,1538860.9,1539251.2,1528770.3,1523683.2,1514248.3,1506511.7,1505652.1,1514829.1,1520942.2,1529411.2,1532547.6,1530434.7,1535822.5,1536555.2,1539805.8,1535031.1,1533230.7,1529624.4,1531057.8,1519708,1522808.4,1526559.8,1532504.3,1534139.8,1536185.1,1532399.9,1527480.4,1524340.5,1518187.5,1516324,1515430.2,1522235.4,1529853.2,1536705.6,1535748,1530906.2,1537998.7,1543646.7,1544254.1,1539917.3,1531104.8,1527737.6,1524025.6,1520297.2,1526706.5,1542664,1539363.1,1528970.5,1521850.1,1505171.1,1491119.1,1494562.7,1475358.1,1458767.7,1443107.3,1433692.1,1433161,1441640.7,1452903.9,1448501.3,1460551.7,1464067.9,1468068.9,1467678.6,1462003.8,1462559.6,1472430,1488728.7,1503990.6,1514605.4,1521974.2,1529469.7,1538761.9,1543376.8,1546935.7,1546850.9,1545843.5,1548375.7
"Real estate loans: Residential real estate loans: Revolving home equity loans, large domestically chartered commercial banks, not seasonally adjusted",Currency,1000000,USD,H8/H8/B1027NLGDM,B1027NLGDM,331228.3,334689.2,337699.1,342781.9,348383.6,352597.3,357707.3,361167,362993.7,362948.3,363755.6,364125.8,364585.6,366783.4,366844.8,366763,368781.1,371516.9,373551.6,370887.7,373647.1,389055.4,389617.5,391690.3,393644.2,393113.9,390460.2,390708.6,393458.5,395218,397084.2,400772,404231.6,409176.1,413840,417812.4,421010.6,424169.6,426149.7,430655.3,435710.5,440551.6,446519.9,450181.8,463031.8,501884.3,506322.8,511484,513400.5,513591.6,514535.8,518859.3,527582.5,527077,525317.6,523145.8,521260.9,519987,522781.4,520543.7,517829.5,515575.8,514523.7,516592.8,514438.9,512458.2,511682.8,510134.5,508194.2,505319.4,499184.2,492208.1,488741.2,485134.2,481563.6,478744.9,476466.4,474003.8,470660.8,468719.9,467907.4,465172.5,463186.8,461164.5,460184.4,456656,451762.9,449802.4,447040.5,444084.6,441289.6,438729.6,435577.9,430966,427936.2,427399.5,425523.8,423184,418956.4,413926.2,409209.9,406390.6,402584.7,401501.9,399269.7,396215,391657.9,389009.8,386242.5,383750.9,380945.9,379762.9,378184.4,376751.5,374160.8,372279,371044.2,370238.5,368306.3,366730,365218,363118.7,359971.5,358280.8,356100.8,353378.2,350338.5,347785.5,348123.7,346171,344796.4,343353.2,339707.9,336594.8,333660.8,331238.4,329148.2,327048.7,324467.1,322009.3,319838.8,316213.3,311445.2,305479,300692.1,299688.4,298790.2,297299.6,295187.6,293025.8,290397.2,287693.2,285732.2,283260.3,280712,278877,275730,272543,268712.8,266136.6,262534,259668.1,257164.4,254674.3,252848.5,251161.7,249318.7,248089.5,248017.6,245646.7,242712.4,240974,238760.1,236436.1,233534.3,231378.4,229393.3,226528.6,224383.8,222255.2,219710.2,217340.3,216953.7,215526.1,212437.4,209401.6,206694.6,203483.8,200521.4,196863.4,193579.6,190627.7,187941.2,184353.5,180810.8,177899.5,175809.6,173619.7,170987.9,168773.3,166758.8,164130.9,163268.6,161656.9,159678.4,158511.2,157524.6,156706.4,156975.7,157221.6,157093.2,157059.4,157058.3,157268.1,156996.7,157182.8,156090.5,155219.6,154312.7
"Real estate loans: Residential real estate loans: Closed-end residential loans, large domestically chartered commercial banks, not seasonally adjusted",Currency,1000000,USD,H8/H8/B1220NLGDM,B1220NLGDM,789410.8,783176.1,788770.5,799260.5,795402.3,810102,829919.9,850132.3,851628.6,856195.8,864625.3,869003.5,867338.3,872815.6,873344.5,886781.8,900154.1,916401.6,929557.5,928967.3,935981.8,1042240.3,1053529.1,1059959,1064655.5,1072627.7,1071781,1086737.7,1099713.6,1109950.8,1119996.2,1122200.1,1123412.2,1155365,1167174,1159068.7,1159134.4,1150753.2,1149466,1144449.9,1123680.4,1093874.7,1074620.3,1065940.2,1077570.4,1149336.6,1145182.4,1130655.7,1105479.8,1109568.4,1103637.1,1120681.4,1159348.7,1150012.1,1137855.5,1130713.9,1098971.7,1091090.7,1154037.4,1149202.4,1145823.9,1122359.4,1112320.9,1122017.4,1124800.5,1121404.4,1112033.9,1117960.9,1124584.7,1127270.9,1143729.9,1155978.8,1153687,1138315.5,1121828.5,1113760.6,1110664.5,1113214.5,1119317.3,1129724.9,1130878.6,1142012.3,1148481.4,1144537.9,1148920.3,1147514.7,1146919.1,1147958.5,1157122.2,1148267.4,1151737.6,1159444.7,1165837.9,1170063.2,1202466.1,1197557.4,1206262.5,1201583.6,1192052.1,1196133.6,1187126.6,1186399.7,1173333.8,1158386.7,1153413.9,1146321.9,1143083.9,1139140.4,1136103.5,1132971,1124184.2,1126741.2,1128362.4,1135668.5,1136082.3,1139453.7,1136421.5,1130906.6,1126978.7,1121589.6,1123210.5,1124774.4,1124102.8,1127613.6,1131563.4,1139642.9,1141826,1145404.2,1139797.6,1141069.3,1162497.1,1162137.6,1163674.3,1169179.9,1172130.1,1174180.3,1187064.8,1193833.4,1206295.2,1213588.2,1215697.3,1222647.7,1227806.1,1223291.4,1222991.1,1214559.9,1207721.4,1208352.5,1219641.5,1227916.4,1239014,1244854.4,1244702.4,1252562.2,1255843.2,1260928.8,1259301.1,1260687.7,1260911.7,1264921.2,1257174.1,1263140.3,1269395.4,1277830,1281291.2,1285023.4,1283081.3,1279390.8,1276322.9,1272540.8,1273611.6,1274456.2,1283475.3,1293417,1303171.3,1304369.5,1301512.9,1311470.1,1319262.9,1321999,1320207.1,1313764.4,1310783.9,1308499.4,1307859.9,1317304.9,1335969.4,1335879.3,1328449.1,1324986.7,1311591.6,1300491.4,1306621.5,1291004.6,1277956.8,1265207.8,1257882.5,1259541.3,1270652.8,1284130.6,1281742.6,1296420.8,1300799.4,1306412,1308000.3,1303492.6,1305035,1315723.6,1331753,1346769,1357512.2,1364914.8,1372411.4,1381493.8,1386380.1,1389752.9,1390760.3,1390623.9,1394063
"Real estate loans: Commercial real estate loans, large domestically chartered commercial banks, not seasonally adjusted",Currency,1000000,USD,H8/H8/B3219NLGDM,B3219NLGDM,505139.1,508534.4,511178.7,515594.2,523345.8,530484.7,539045.9,546139.7,555796,562070.3,567215.8,574269.4,582602.6,588142.9,590504.2,595686.1,604216.8,609766.2,614713.8,620742.6,629100.1,646832.2,653282.5,655082.6,657751,662325.1,661308,662636.3,668446.5,672525.8,675389,680416,682929.8,690443.8,695995.7,699320.4,703740.6,709057.2,713609.5,716726.9,720471.9,722482.5,720690.4,721118.5,729513.9,772145.9,776663.5,777406.8,767501.8,765195.2,764128.4,760471.1,759210.3,754804.9,748289.5,742799.7,735678.5,731529.2,730513.4,721181.6,716488.7,711939.6,705939.1,699788.2,693900.8,688185,680977.8,676015.8,668996.8,660954,653993.3,647754.4,640596.8,635851.1,630971.7,625167.4,623368.8,620824.1,616305.9,611968.6,611440.1,606638,607354,605150.6,602485,600881.6,599451.3,598747.5,593856.7,592332.5,590994.1,588860.3,589741.1,588108.6,592580.2,596709,597108.5,594034,591975.3,591814.9,594737.2,595947.8,597197.7,599392,603924.8,605773.4,612364.1,615276.8,616497.5,618701.3,619745.7,620686.5,624179.8,627916.5,630485.3,632034.6,633655.9,634085.3,638109.3,642172,670496.9,671114.2,678641.8,677882,678326.2,686572.9,694610.5,698823.1,706128.2,711721.4,715913.7,723763,730842.6,738608.8,740276.6,743376.2,746397.1,752452.7,756956.2,760051.3,766373.3,772851.3,775403.5,774771.7,778267.3,780727.4,782670.9,787324.2,788047.9,789426,792497.2,791132.2,788575.5,788835.7,788009.9,786229.9,783145.7,781742.7,781537.7,780824.7,782065.8,790505.7,791861,783934.3,785255.1,786897.6,786922.4,785045.5,784974.2,787152.8,788144.8,787810.2,791733.9,789489.6,789729.7,789725.5,798338.3,804015.1,809176.6,811887.6,811621.4,811528.7,815774.8,821243.3,821816.7,822415.4,821377.3,821033.5,818693.4,817033.9,816773.5,813972,812429.7,808416.2,805586.3,805557.7,804530.4,806176,805392.8,806554.7,811362,811684.8,808796.8,809548.5,810758.7,812362.4,815278,824963.5,826745.3,826619.1,831727.1,840273.8,840404.9,841340.1,840798.9,843909.3,840463.9,842332.4,843673.5
"Real estate loans: Commercial real estate loans: Construction and land development loans, large domestically chartered commercial banks, not seasonally adjusted",Currency,1000000,USD,H8/H8/B1215NLGDM,B1215NLGDM,,,,,,,,,,,,,,,,,,,,,,,,,,,,,,,,,,,,,,,,,,,,,,,,,,,,,,,,,,,,,,,,,,,,,,,,,,,,,,,,,,,,,,,,,,,,,,,,,,,,,,,,,,,,,,,,,,,,,,,,,91518.4,93369.2,94618.2,96040.3,97955.9,99547.4,100685.2,101161.3,102528.8,103133,104694.9,105635,105621.5,106139.1,107000.6,107858.8,109017.4,110380.7,111710.4,112266.9,113235,114244.9,115838.4,116886.1,117705.9,118478.6,118674.8,119466.1,119023.2,118627.1,118701.2,118860,119519.7,120666.5,121525.3,120500.6,120828.7,121748.7,121942.5,120834.1,120387.8,120483.3,119725.6,119829,120089.4,118698.5,118279,116589.4,115723.6,115738.9,115196.5,114568.5,114783.7,113627.8,112749.9,112298.8,112262,111831.4,112365.5,111767.9,111060.2,112051,113686.8,114648.7,116609.6,119817.3,121610.4,122711.7,123876.5,124583.9,125093.8,124709.3,124743.4,124966.1,125695.4,125815.2,126466.2,127181.3,126399.1,126157.6,125874.1,124019.3,122225.9,119801.4,117391.3,118238.8,118258.3,119036.4,119668.8,119690.3,119679.9,119504.6,119890.4,120371.1,121519.8,122048.3,123200.7,124276.5,124767
"Real estate loans: Commercial real estate loans: Secured by farmland, large domestically chartered commercial banks, not seasonally adjusted",Currency,1000000,USD,H8/H8/B1216NLGDM,B1216NLGDM,,,,,,,,,,,,,,,,,,,,,,,,,,,,,,,,,,,,,,,,,,,,,,,,,,,,,,,,,,,,,,,,,,,,,,,,,,,,,,,,,,,,,,,,,,,,,,,,,,,,,,,,,,,,,,,,,,,,,,,,,8883.6,8838.6,8853.7,8894.6,8993.4,9148.3,9267.2,9346.9,9413.9,9402.8,9582.8,9817.4,10090.1,10075.7,10097.7,10059.8,10012.2,9875.9,9720.8,9627.1,9650.2,9727.9,9747.3,9750.3,9734.9,9691,9658.6,9692.8,9678.4,9601.5,9520.8,9518.4,9537.9,9537.8,9491.4,9484.8,9475.9,9464.4,9409,9273.2,9182.4,9121.7,9046.5,9068.3,9089.6,9057.2,8928.3,8941.5,8953.6,8877.4,8830.9,8754.8,8749.1,8754.8,8862,8661.1,8522.1,8471.1,8407.5,8347,8203.7,8172,8142.8,8063.8,7877.6,7772.2,7687.3,7581.7,7476,7277.9,7172.8,7123.4,7084.4,6967,6856,6720.9,6657.6,6562,6475.3,6442.2,6459.9,6669.6,6690,6658.9,6668.5,6672.7,6564,6493.4,6385.3,6339.7,6304.2,6339.2,6297.8,6287.7,6271.7,6239.7,6213.6,6171.1,6140.7
"Real estate loans: Commercial real estate loans: Secured by multifamily properties, large domestically chartered commercial banks, not seasonally adjusted",Currency,1000000,USD,H8/H8/B1217NLGDM,B1217NLGDM,,,,,,,,,,,,,,,,,,,,,,,,,,,,,,,,,,,,,,,,,,,,,,,,,,,,,,,,,,,,,,,,,,,,,,,,,,,,,,,,,,,,,,,,,,,,,,,,,,,,,,,,,,,,,,,,,,,,,,,,,125299.1,125567.1,128463.8,129988.9,130183.8,131753,133927.3,135614.8,137962.2,139745.4,142201.1,145129,145493.7,146836.1,145690.5,147021,148375.3,150536.2,152779.1,153892.2,155435.5,157498.1,158221.9,158986.9,159129.8,159240.3,160280.9,161304.6,161306.9,162700.5,164840.1,163194.9,163335.8,162824.5,162231.2,162997.6,161874.8,161491.2,162909.2,164284.1,163877.4,165356.5,166651.1,166030.6,167856.7,171240,171589.9,171640.2,169695,170391.8,169839.7,170071.3,171485.2,172163.9,173998.1,175267,177761.7,180947.9,181178.6,181843.3,181432.3,182709.8,184927.2,185916.1,186485.5,186449.9,186021.9,186465.5,186567.9,186582.2,187649.5,186763.6,185783,183869.6,182925,183032.8,183523.4,183760.7,185163.1,186513.6,189741.5,187442.4,189094.2,191593.1,194234.8,194917.7,197457.3,201980.1,203908.9,206878.9,211431.1,214412.7,215696.7,218290.8,217922.8,219923.2,217762.1,218647.7,218930.7
"Real estate loans: Commercial real estate loans: Secured by nonfarm nonresidential properties, large domestically chartered commercial banks, not seasonally adjusted",Currency,1000000,USD,H8/H8/B1218NLGDM,B1218NLGDM,,,,,,,,,,,,,,,,,,,,,,,,,,,,,,,,,,,,,,,,,,,,,,,,,,,,,,,,,,,,,,,,,,,,,,,,,,,,,,,,,,,,,,,,,,,,,,,,,,,,,,,,,,,,,,,,,,,,,,,,,444795.8,443339.3,446706.1,442958.2,441193,446124.2,450730.8,452700.2,456223.3,459440.1,459434.9,463181.6,469637.3,475557.8,477487.9,478436.5,478992.2,481659.8,482746,484265,488052.6,491380.3,491595.8,489148.3,491696.7,493317.5,494056.6,496860.7,498039.4,498496.8,499435.1,499558.9,496182.1,495807,494762,493247,490966.4,489038.4,487277,486433.3,488618.3,495544.2,496437.7,489006.4,488219.4,487902,488125.1,487874.4,490602,492144.6,494277.7,494415.6,496716,494943.1,494119.6,493498.6,499792.5,502764.7,507225,509929.4,510925.1,508595.9,509018,512614.7,510844.1,508376,506057.7,504274.6,500773,498589.9,496857.4,495375.6,494819,492613.5,490109.8,489988.8,487883.3,488672.1,487355.3,487441.4,489286.4,493553.6,490786.7,491495.1,492464.1,492533.2,492998.4,497453.6,496782.4,493710.2,494311.9,500017.3,498520.1,496390.5,495084.6,495698.1,493287.4,493237.1,493835.1
"Consumer loans, large domestically chartered commercial banks, not seasonally adjusted",Currency,1000000,USD,H8/H8/B1029NLGDM,B1029NLGDM,602592.4,596750.4,591782.2,589460.4,586016,586328.9,586906.4,595874.7,603445.1,601821.1,603212,605128.6,609141.8,604400.1,607020.2,610000,618388.3,610345,602794.7,612158.3,616180.9,621915.9,626909.7,638119.7,642877.6,637592,626014.8,629633.4,633964.6,640276.1,637748.9,643545.2,654192.7,651131.7,661964.8,679303.8,689282.3,682902.6,677367.5,682378.7,686367.8,688639.8,694483.9,703474.7,713190.5,735803.5,742541.5,753085,770934.5,766860.3,746174.7,735276.2,728071.7,721436.8,713519.8,715054.3,715978.6,707186.4,705797.9,705581.8,699840.6,689697.7,749315.5,992620.9,983892.7,978587.4,974543.7,972790.7,962103.9,950570.4,948148.8,958459.1,923986.4,909119,897680.4,904637.3,903830.2,909541.2,909130.4,911556.1,913032.7,911664.8,914951.5,931561.2,927510.8,915169.8,907892.2,909015.3,911781.6,914214.6,910870.2,915927.4,919033.3,915873.5,916723.8,931176.1,928540.4,919740.9,909071.8,912505.9,917494.1,923969.2,920999,927021.4,929832.6,930259.2,935557.7,953198.3,950490.5,940911.1,933255.8,941070.2,948551.9,956090.9,960053,967727.8,973527.6,968681,973881.6,991021.8,984576.1,972692.5,962117,972158.4,979749.9,988153.9,994306.7,1003124.5,1010037.5,1013837.8,1021313.3,1043329.7,1043948,1032301.8,1027213.3,1035872.6,1043006.4,1058915.8,1071993.8,1081562.9,1086477.4,1089164,1095814.6,1118465.4,1115254.4,1101296.2,1089857.7,1095105.5,1098739.4,1107620.2,1112345.9,1119067.7,1127736.9,1131523.1,1141192,1162279,1156677.9,1142815.7,1129604.6,1135371,1139660.9,1149839.4,1150473.7,1157854.7,1163882.3,1166520.8,1176460.5,1196651.2,1193022.6,1183175,1172612.9,1182513.9,1192324.3,1203416.5,1208416.2,1220048.5,1226316.1,1233930.8,1244707.7,1269698.3,1263544.1,1253382.3,1241491.9,1198806.5,1176293.1,1178598.3,1182196.4,1182753.4,1183541.9,1183766.4,1188893.4,1207686.3,1197666.8,1184929.3,1170324.8,1172942.8,1189919.6,1208740.6,1220475.8,1233934.8,1241911.9,1251719.2,1268397.9,1298267.5,1295062.3,1293484.4,1297123.2,1319532.9,1333086.3,1353827.1,1366507.6,1376370.3,1386159.3,1396083.8,1404110.4,1425506.1,1415247.7,1406361.8,1401864.4
"Consumer loans: Credit cards and other revolving plans, large domestically chartered commercial banks, not seasonally adjusted",Currency,1000000,USD,H8/H8/B1247NLGDM,B1247NLGDM,276137.7,267847.5,263241.2,262149.7,260441.1,263549.8,264435,264455.8,266980.5,266500.6,270993.2,280667.6,278919.9,269319.1,261614.9,261442.6,267429.4,265024.8,266443.8,270938.5,271786.3,270664.4,275373.2,289774.1,287689.3,277923.3,267250.6,270654.3,273534.5,278100.8,276901.6,279003.1,283260.8,281668.9,291469.2,309423.7,305954.2,294614,286645.4,287299.7,288102.9,288840.5,293477.3,300013.3,308061.3,331500.6,338435.9,348467.3,355741.7,348170.1,330923.8,321775.3,313465,309146.6,310068.6,309283.7,306997.1,301226.5,300739.1,301323,288696.9,277468.8,338878,572854.6,566164.9,561224.9,556108.9,554008,550012.7,542674.4,541098.3,553265,546184.4,532359.4,522385.2,522670.8,522337.3,526603.3,524336.9,526469.7,527010.6,527728.7,530196.4,544857.7,539055.8,526171.3,518142.2,518589,521277.4,523324.2,520803.6,524011.9,524048.8,522097.8,524846.3,537942.8,533794.5,523920.1,513194.3,514233.9,517160.7,520902.4,517585.8,520282,520390,519808.3,523197.9,538949.8,534445.9,523948.4,514682.5,518698.2,523324.2,526731.3,528163.4,532990.4,534896,530618.2,535688.1,552022.9,549092.1,537679.3,527481.2,533846.7,537786.3,542652.8,546136.1,551960.9,554842.8,555674.7,560707.5,579810.3,577883.2,565137.4,558628,564280.6,568214.4,580576.9,590341.2,595864.3,599209,599221.7,604482.3,625571.9,620755.9,608507.8,598173.3,603388.2,606396.6,618130.5,620820.8,624853.5,630371.8,632226.2,640996.8,661705,655949,642333,629333.6,632639.8,637228.5,645673.2,645350.3,650874.2,653759.7,654294.9,663191.3,682744.6,675446.8,664730,652715.6,657279.7,662703.1,670179.3,670569,677308.3,678670.7,683140.9,691839.5,715250.1,706814.5,695797.2,681893.1,640531.5,620071.7,619070.3,618317.3,615967.8,614316,612872,617290.3,634296.8,621025.2,608466.3,595339,595176,606140.2,618392.3,623408.2,630427.9,633455.5,639052.3,653097.4,679232.4,673585.2,668610.8,668447.8,685172.3,696754,714188.9,725472.1,734592.9,742543,748830.8,759733.7,784493.8,778061.9,771043.7,768955.1
"Consumer loans: Other consumer loans, large domestically chartered commercial banks, not seasonally adjusted",Currency,1000000,USD,H8/H8/B3248NLGDM,B3248NLGDM,326454.6,328902.9,328541,327310.7,325574.9,322779.1,322471.5,331418.9,336464.6,335320.5,332218.8,324461,330221.9,335081.1,345405.3,348557.4,350958.9,345320.2,336350.8,341219.8,344394.6,351251.5,351536.5,348345.5,355188.3,359668.6,358764.2,358979,360430.1,362175.4,360847.3,364542.1,370931.9,369462.8,370495.6,369880.1,383328.1,388288.7,390722.1,395079,398264.9,399799.3,401006.6,403461.4,405129.3,404302.9,404105.6,404617.7,415192.9,418690.3,415250.9,413500.9,414606.7,412290.2,403451.2,405770.7,408981.5,405959.9,405058.8,404258.8,411143.6,412228.9,410437.5,419766.4,417727.8,417362.5,418434.8,418782.7,412091.2,407895.9,407050.5,405194.1,377802,376759.6,375295.2,381966.5,381492.9,382937.8,384793.4,385086.3,386022.1,383936.1,384755.1,386703.4,388455,388998.5,389750,390426.3,390504.2,390890.4,390066.6,391915.5,394984.6,393775.6,391877.5,393233.3,394745.9,395820.8,395877.6,398272,400333.4,403066.8,403413.2,406739.3,409442.6,410450.9,412359.7,414248.5,416044.6,416962.7,418573.2,422372.1,425227.8,429359.6,431889.6,434737.4,438631.6,438062.8,438193.5,438998.8,435484,435013.1,434635.8,438311.8,441963.6,445501.1,448170.6,451163.6,455194.7,458163,460605.8,463519.4,466064.8,467164.4,468585.3,471592,474792,478338.9,481652.7,485698.5,487268.4,489942.3,491332.3,492893.5,494498.5,492788.3,491684.4,491717.3,492342.8,489489.6,491525.1,494214.2,497365,499297,500195.2,500574,500728.9,500482.7,500271,502731.1,502432.4,504166.2,505123.4,506980.5,510122.6,512225.9,513269.2,513906.5,517575.9,518445,519897.2,525234.2,529621.1,533237.2,537847.2,542740.3,547645.4,550789.9,552868.2,554448.2,556729.6,557585.1,559598.7,558275,556221.4,559527.9,563879.2,566785.6,569225.9,570894.4,571603.1,573389.5,576641.6,576463,574985.8,577766.9,583779.4,590348.3,597067.6,603506.9,608456.4,612666.9,615300.5,619035.1,621477.1,624873.6,628675.4,634360.6,636332.3,639638.2,641035.5,641777.5,643616.3,647253,644376.7,641012.2,637185.8,635318,632909.2
"Consumer loans: Other consumer loans: Automobile loans, large domestically chartered commercial banks, not seasonally adjusted",Currency,1000000,USD,H8/H8/B1243NLGDM,B1243NLGDM,,,,,,,,,,,,,,,,,,,,,,,,,,,,,,,,,,,,,,,,,,,,,,,,,,,,,,,,,,,,,,,,,,,,,,,,,,,,,,,,,,,,,,,,,,,,,,,,,,,,,,,,,,,,,,,,,,,,,,,,,306824.4,307126.8,307767.9,310097.3,312278,315058.2,316969.5,319005.3,322117.8,324707.4,327007.9,329150.4,330653,331716.9,333391.1,336086.3,338705.6,341357.7,344048.3,347082.9,347503.1,349235.8,350737.4,351672.2,352408.5,351094.4,350736.9,350513.3,350898.6,351851.4,353634.7,355452.2,357244.2,358766.5,359248.8,359799.6,360169.1,359337.8,358733.2,359456.5,359016.2,359363,359456.8,360067.3,360842.2,361148.7,360981,361135.5,362156.7,362366.8,363389.7,366687.5,369477,371482.4,374629.1,377778.5,381025.7,383439.3,384156.6,385029.1,387185.4,387682,389054.5,387189.9,385141.8,387971.6,391165.8,393064.7,394848.2,396814.1,397601.5,399468.8,402082.2,402306.4,403420.9,409996.3,414865.1,420187.4,425802.4,431131.3,433516.2,435513.8,436990.8,439321.1,441098.9,443016.6,444637.4,445516.9,445187.3,445564,445767.3,444863.6,444107.4,448406.7,446514.6,443361.6,439802.4,438827.1,436903.6
"Consumer loans: Other consumer loans: All other consumer loans, large domestically chartered commercial banks, not seasonally adjusted",Currency,1000000,USD,H8/H8/B1245NLGDM,B1245NLGDM,,,,,,,,,,,,,,,,,,,,,,,,,,,,,,,,,,,,,,,,,,,,,,,,,,,,,,,,,,,,,,,,,,,,,,,,,,,,,,,,,,,,,,,,,,,,,,,,,,,,,,,,,,,,,,,,,,,,,,,,,128659.6,127886.4,126867.9,128214.5,129685.6,130442.9,131201.1,132158.2,133076.8,133455.6,133598,134369,135411.7,135447.5,135194.3,135505.7,136086.3,136981.1,137604.3,138615.6,139765.3,140706.5,140594.9,141221.4,142089.9,141693.9,140947.5,141204,141444.2,137638.2,137890.4,138762,140120.9,140530.5,140946.4,140774.4,140559.8,141144.9,141537.8,143274.6,143416.2,144803.2,145666.6,146913.2,149280.4,151077.1,152288.2,152771.1,155419.2,156078.2,156507.5,158546.7,160144.2,161754.8,163218.1,164961.8,166619.6,167350.6,168711.5,169419.1,169544.3,169903.1,170544.2,171085.1,171079.5,171556.3,172713.4,173720.9,174377.6,174080.2,174001.7,173920.7,174559.4,174156.6,171564.8,167770.6,168914.3,170160.9,171265.2,172375.5,174940.2,177153,178309.7,179713.9,180378.2,181856.9,184038,188843.7,191145,194074.2,195268.2,196913.9,199508.9,198846.3,197862.1,197650.6,197383.5,196490.9,196005.6
"Other loans and leases: All other loans and leases, large domestically chartered commercial banks, not seasonally adjusted",Currency,1000000,USD,H8/H8/B3305NLGDM,B3305NLGDM,295575.6,290981.7,289210.3,286259.7,289418.7,294176,292568.9,296793.6,303607.4,304865.8,311823.8,321480.5,314667.9,314421.7,315101.1,318210.3,322578.3,323131.7,321366.6,320364.2,318275.8,277281,284848.2,296994.2,291709,287001.5,288605,292813.4,291983.8,292601.9,296077.2,308544.5,316914.4,323428,332328.8,336623,336564.6,345369.5,355870.5,354291.4,350025,341655.9,343745.2,338619.1,376575.6,382721.9,362656.6,359839.7,340926.3,335930.2,323508.2,317885.4,319992.5,322261.3,322200,311687.7,313888.8,308570.4,310044.5,308070.2,303035.6,297219.4,308569,338706.2,336628.8,342444.4,340009.9,340427.3,341039.3,346723.6,351502.8,361531,366152,363059.3,367234.9,369289.4,369031.8,373262.3,380545.4,385031.4,392285.3,402735.2,408642.2,420139.4,418483.8,412510.8,410192.8,413849.3,417570.5,427302,434914.7,439262.7,443654.8,445570.5,444613.9,452092,457772.8,457358.5,453701.6,462605.5,469495.6,478057,486574.4,491622.7,499783.2,507815.3,516163.6,528503.3,528719.7,528538.3,536034.9,537604.7,543214.3,553216.4,559686.3,569842.3,577254.4,586791.6,594474.9,608216.8,622743.3,621547.4,626177.2,633091.5,639925.6,650713.2,657177.8,665849.3,674458.4,686955.3,690457,710310,712842.7,710041.4,713058.3,718411.5,720951.8,727805.8,731555.8,729511.6,736028.5,740757.7,744240.8,751997.4,749011.4,746297.5,750545.8,749347.7,755085.5,759560.1,768691.2,769438.4,778518.2,784081.4,789440.1,799950,798843.9,796927.5,798366.5,800190.7,803015,812245.7,813706.5,812948.5,817090.3,822173.6,819815.7,849724.3,852887.4,850295.6,848588.2,850542,852410.1,866791.7,865277.8,869256.3,874835.2,881190.3,885614.4,906109.3,904777.4,908012.3,972184.6,989199.2,969285.5,952073.7,925064,918986.2,938561.9,936399.4,958859.2,982130.2,968640.3,969801.5,978226.9,986750.3,1003227,1023163.2,1036900.1,1047559.5,1065984,1072411.7,1087011.7,1126955.2,1132607.7,1128873.5,1142572.6,1144220.1,1162551.6,1183538,1185604,1193309.6,1206083.9,1219325.5,1232957,1240521.7,1221659.6,1216636.5,1227838.4
"Other loans and leases: All other loans and leases: Loans to nondepository financial institutions, large domestically chartered commercial banks, not seasonally adjusted",Currency,1000000,USD,H8/H8/B1030NLGDM,B1030NLGDM,,,,,,,,,,,,,,,,,,,,,,,,,,,,,,,,,,,,,,,,,,,,,,,,,,,,,,,,,,,,,,,,,,,,,,,,,,,,,,,,,,,,,,,,,,,,,,,,,,,,,,,,,,,,,,,,,,,,,,,,,189294.6,190230.8,191619.6,195517.5,198780.7,204544.4,210101.1,214436.9,216930.4,226004.3,226721.8,235680.9,232584.7,235330.9,235555.5,239186.6,240225.6,245937.7,250524.4,248321.1,250692.7,252751.1,254956.7,258649.5,254327.2,255553.9,256949.2,257856.1,261627.2,263770.8,269781.8,269239.8,275417.9,281417.8,286055.3,287643.9,287195.4,288130.6,290708.3,297186.8,297544,304966.6,312839,315526.2,320384.3,327495.1,329387.5,341747.1,346871.2,349205.3,346674.4,346504.7,349641.1,354552.1,358699.5,364185.5,371844.3,379328.1,383407.6,393375.2,391805.8,396908.6,433020,455287.5,438531.3,419613.6,403740.9,405662.2,418416.9,420163.6,426001.6,436256.2,441330.7,443671.1,449492.5,459625.3,472014.3,485765.3,499563.1,506175.9,519366.9,522499.9,532682,558859.9,563382.5,560125.4,566007.1,563905.1,574034,585244.1,587896.3,597155.8,608504.6,614109.3,627033.5,632960.1,620280.5,618080.7,627105.4
"Other loans and leases: All other loans and leases: Other loans not elsewhere classified, large domestically chartered commercial banks, not seasonally adjusted",Currency,1000000,USD,H8/H8/B1310NLGDM,B1310NLGDM,,,,,,,,,,,,,,,,,,,,,,,,,,,,,,,,,,,,,,,,,,,,,,,,,,,,,,,,,,,,,,,,,,,,,,,,,,,,,,,,,,,,,,,,,,,,,,,,,,,,,,,,,,,,,,,,,,,,,,,,,433448.7,431316.6,434557.6,437574,441144.9,446168.8,447076.6,451412.4,457528.1,460951,463735.3,474629.1,480258,474710.4,477502.8,479224.9,480726.1,481868.1,481031.4,481190.4,485335.9,488006.6,489284,493347.9,494684.3,490743.6,493596.7,491491.6,493458.3,495789.3,498909.5,500198.7,503100.3,502663.6,503384.8,512306.1,511648.5,508796.9,507658.2,503003.9,505471.1,507279.1,500867.4,497422.3,496706,494678.4,490428.2,507977.2,506016.2,501090.4,501913.8,504037.4,502769,512239.6,506578.3,505070.8,502991,501862.2,502206.9,512734.1,512971.6,511103.7,539164.6,533911.7,530754.2,532460.2,521323.1,513324,520144.9,516235.8,532857.6,545874,527309.6,526130.5,528734.3,527125,531212.7,537397.9,537337,541383.6,546617.2,549911.8,554329.8,568095.3,569225.2,568748.1,576565.6,580315,588517.6,598293.9,597707.8,596153.8,597579.3,605216.2,605923.5,607561.6,601379.2,598555.8,600733
"LESS: Allowance for loan and lease losses, large domestically chartered commercial banks, not seasonally adjusted",Currency,1000000,USD,H8/H8/B1043NLGDM,B1043NLGDM,46966.4,47039.1,46400.6,45662.6,45553.8,45478.1,45102.1,45251.6,45645.4,45543.9,45502.5,45327.4,44137.3,44360.2,44968.6,44652,44910.8,44889.7,44517.2,44497.5,44346.7,44443,44214.8,44971.7,44158.5,44080.1,43815.1,44128.4,44381.4,44651.5,45435.6,45779.7,46460.5,48023.8,49306.2,52239.6,56746.4,59403.3,61237.8,68915.4,70574.1,74272.2,81170.4,82970.4,87109.9,95252.4,98974.4,103333.3,110078.8,114458.3,120680.6,124959.2,132597.8,137512.5,143148.6,146584.3,147860.4,150456.1,154634.4,153918.6,153143.9,154457,160031.3,184608.4,184437,181711.2,175100.9,175458.9,173711.7,167415.9,167091.6,163063.3,158953,159280.1,157054.3,150092.3,149669.4,145994.1,142046.3,141042.5,138145.9,135907.3,135278.5,134198,132588.6,130668.5,127868.9,124137.5,123304.8,121535.2,117964.1,117623.2,115620.9,110983.2,110202.7,107950.1,105645.2,105550.6,103256.5,100708.1,100607,98853.7,96025.6,95197.2,93854.4,90845.3,90423.4,88841.7,85661.8,85421.4,84433.7,82945.1,82844.9,81760.8,80180.4,79762.3,79162.8,77784.9,77226,76099.1,75243.1,74852.6,74128.7,73598.4,73480.9,72953.3,72726.9,73864.4,73289.8,72915.4,72921.3,72871.6,72296.9,72505.4,72492.4,73390.8,73346.6,73366.9,73689,73588.1,73409,73813.7,73864.3,73764.8,73389.8,73445.2,73445.7,72958.6,72899.9,72755.6,72682.2,72771.4,72870.9,73430.4,73613.5,73577,72867.2,72877,72790.5,72416.7,72391.7,72391.1,71536.3,71299.8,71410.4,71101.8,71221.7,71284.7,71554.6,71788.9,71845.2,72369.4,72185.3,72169.4,71837,71946.1,72066.8,72335.7,72378.3,70751.6,71287.3,72068.3,74193.4,96990.5,120057.8,127408.9,150257.3,151535.7,151965.2,150107.3,149851.2,148732.6,147163.3,146858.7,143366.2,129439.2,128550.1,125437.8,115220.6,114788.9,114096.8,108182.3,108178.8,107247.2,102496.7,102516.6,102193.7,100015.3,100135,100415.4,102793.6,103178.7,103791.4,107599.5,108071.8,109401.4,112911.2,112277.3,113599.1
"Cash assets, large domestically chartered commercial banks, not seasonally adjusted",Currency,1000000,USD,H8/H8/B1048NLGDM,B1048NLGDM,213582.8,199330.4,206836.7,199450,206804.5,210080.9,206614.8,198546.2,210161.7,208197.4,207410.4,222228.4,218353.9,205016.9,199805.9,203328.5,196207.5,195806,195576.8,181909.6,190046.8,200993.9,200593,212352.2,210218.6,202919,190295.5,197115.1,192764.8,193283.2,189282.9,183005.9,194760.4,187755.3,201651.9,208946.1,206190.3,196993.3,190345.6,196985,195728.5,187778.6,184928.9,180793.3,249912.1,382966.3,493499.3,577915.8,553690.5,476062.7,538209,588572.8,612512.4,579927.9,551879.9,549345.3,595798.5,669333,713460,681331.1,601596.3,649457,652170.1,645669.4,650153.1,614059.7,587008.6,541953,540165.8,546945.7,539571.4,558280.2,520103.7,596243.9,617002.6,582462.7,576204,641500.5,705399.6,668016.2,641141.9,602940.1,598426.5,649997.5,627596.7,648556.4,634616.1,590628.1,584036.5,631938.5,630475.5,625610.5,621591.9,625801,665335.2,701362.8,620449.4,661696,743006.9,747122.9,776968.6,810265.5,861764.3,902476.8,950582.2,1041080.8,1060011.9,1090481,1065891,1058185.4,1066271.3,1084496.6,1077837.8,1124115.4,1152923.9,1174625.3,1233731.3,1189733.7,1266087.3,1318073.1,1282048.1,1295094.5,1338681.8,1298984.5,1209165.7,1185876.6,1211598.7,1227731.1,1195958.8,1179042.3,1194250.4,1155718.4,1131899.3,1160121.7,1183705.3,1212803.4,1186279.9,1198576.5,1166840.3,1181972.6,1173082.8,1115182.9,1123301.8,1126529.5,1116477.5,1152134.9,1224562.8,1164594.6,1127327.4,1157053.5,1181043.9,1191954.5,1186001.1,1141646.3,1163797,1199125.5,1116085.6,1120729.7,1102744.1,1065466.3,1048955.9,1044986.8,1042965.7,1046212,1043263.8,1011127.6,974082.6,927496.3,840269.9,849100.9,893929.4,857762.6,841276.4,821382.5,809244.4,799226.8,766209.7,797023.7,816306.4,845140.8,803598.3,810962.8,1045808.2,1497750.2,1735627.5,1704231.6,1529091,1609252.5,1595100.2,1623613.8,1693102.2,1784665,1713637.8,1778992.3,1995220,2000189.4,1974204.3,1920211.3,1940551.7,2016772,2032642.1,1962104.9,1963394.8,2004267.9,1766630.7,1718680.5,1769155.4,1575512,1458768.9,1446631.1,1478052.4,1443561.9,1409775.8,1361180.7,1356579.1,1410989.7,1342226.6,1282819.6,1516345.3
"Total fed funds sold and securities purchased under agreements to resell, large domestically chartered commercial banks, not seasonally adjusted",Currency,1000000,USD,H8/H8/B3092NLGDM,B3092NLGDM,,,,,,,,,,,,,,,,,,,,,,,,,,,,,,,,,,,,,,,,,,,,,,,,,,,,,,,,,,,,,212080.9,226191.7,219029.4,192837.2,194643.9,190192,184453.5,191819.9,196596.3,205851.4,203713.7,208313.5,192943.9,180778.4,171487.1,168763.5,177974.1,174460.3,178440.3,189521.5,193600.1,205425.5,212241.9,208374.4,207821.2,206159.7,192800.8,176697.5,183218.3,190286.5,185439.2,180875.2,186304.2,201921.5,190538.6,203436.5,201290.5,193602.2,194256.8,179404.2,172239.8,174253.6,175344.7,169473.8,172706.9,157861.4,155897.5,162038.9,163987.9,163475.1,159550.5,148504.5,146997.7,147487.6,151980.8,153002.8,151292.7,153254,142967.6,138957.8,146841.4,143710.7,144933.8,138218.6,132065,137914.6,132879.2,134504.5,141983.2,136147.8,129422.3,144211.6,126697.6,119800.5,128141.9,122984.8,118059,133839.7,128423.7,132622.5,150091.7,142977.6,139429.5,161327.2,136275.9,119654.5,115073.8,108986.9,113878.1,122169.6,118687.6,119336.3,121627.1,119405.7,117561,123849.1,122665.2,116553.9,142022.4,121573.5,130048.7,134781.9,132902.7,160858,162628.4,197179.1,232199.3,309834.2,279570.2,259686.2,286643.7,302040.4,302917.2,336963.4,312273.5,312531.3,311513.7,321266.4,286096.2,283138.8,269862.7,269685,277642.7,242884.5,251583.1,390654.8,510815.7,436548,453426.9,419550,420242.3,448744.4,413495.8,315838.1,230810,237415.6,232145.3,246233.5,227488.2,239330.2,238958.2,242079.1,252853.2,261254.6,252481.1,242936,242747.7,235951.5,225289.3,231709.7,239057.3,230676.4,243513.4,244436.5,254127.1,253774.6,256016.9,230757.2,225911.8
"Loans to commercial banks, large domestically chartered commercial banks, not seasonally adjusted",Currency,1000000,USD,H8/H8/B1047NLGDM,B1047NLGDM,64842.2,69787.7,72032.7,71431.7,72960.7,71621.4,73046.5,71313.7,68800.6,67508,69884.3,71289.3,72167,73729.9,76733.5,68221.3,63504.9,63212.6,62419,61501,62688.4,71332.6,68533.9,78781.9,76560.5,76907.1,82003.5,78031.4,72496.6,70210.6,69616.3,71568.4,69794.8,68368.7,74096.6,76245,72541.9,79275.4,73457,73887.2,71982,72131.1,63465.9,63213.3,61102.3,65706.7,63883.7,53804.4,53554.6,50148.3,47116.1,60026.4,67055.1,64898.9,70597.2,80326,81509.4,77278.6,57186.4,57511,55888.9,55589.9,44462.3,16538.2,11472,11344.4,12641.9,13444,17075,26760.7,25417.2,27998.9,26622.1,24205.7,23561.2,21610.2,21629.9,31147.6,5964,6318.5,6212.2,6898.7,6820.9,7729.7,8174.7,8497.4,8687.4,8637.4,7888.7,8018.5,8206.5,8098,8209.7,8090.1,8261.7,8168.9,8357.6,8259.8,8703,8861.9,8631.1,8515.6,8633.4,8828.1,9405,9575.4,6797,6528.8,7311.4,7261.6,7211.6,6867.6,7236.3,7225.1,6601.6,6554.5,6726,5860.2,5791,6505,8325.6,8064.8,7426.8,8198.9,8584.5,8612.4,6860.6,6874.1,6854.5,6812.1,7078.2,7533.6,7303.9,7094.4,7653.2,9267.5,9266.5,9330.3,9767.3,10185.3,10208.4,9673,9438.5,9511,9447.9,9239.7,9155.6,9113.9,9177.6,9482.6,9400.2,9300.6,9043.7,8983.6,8858.2,9097.9,9176.5,9291.4,9272.9,9740.7,11222.7,11417.5,11161.8,11126,11066.1,10939.1,10880.6,12516.3,13643.5,13850.4,13460.7,11925,9096.4,5867.4,4338.5,4601.1,4806.3,4667.1,4778,5282.8,4672.8,4573.1,4957,4994.6,4768.6,4466.3,4164.5,4071.2,4788.3,7708.2,7600.9,7663.2,7841.8,7765.4,6943.4,3867.8,3860.1,4138.7,4088.3,4025.6,4021.6,3966.6,4073.3,4473.9,9213.5,4168.8,4588.9,5690.1,6641.4,6447.2,6405.8,6766.3,6343.5,4608.9,4639.3,4744.3,4786.6,4682.5,5938.8
"Other assets, large domestically chartered commercial banks, not seasonally adjusted",Currency,1000000,USD,H8/H8/B3053NLGDM,B3053NLGDM,657483,651778.1,663921.2,661062.8,657659.9,668314.2,650625.5,661428,674925.5,678114.7,681230,671330.6,687467.4,702069.4,698548,727436.8,749037.7,736678.1,745968.7,743885.1,758840.8,774391.2,762870.2,779442.9,780237.5,777738.2,790429.1,801808.8,804897.5,814706.6,815003.3,828802.4,856587.7,886196.1,939237.7,934332.1,980610.6,979367.9,1042802.5,1009378.5,971112.3,958530.2,1006551.5,1009933,1055210.9,1130798.1,1243320.7,1327916.7,1219646,1155852.6,1178828,1112091.4,1086825.1,1100471,1100994.1,1070798.8,1079530.6,1084233.5,1074573.3,1100268,1136852.5,1150933.5,1140349.5,1117478.4,1131723,1131249.6,1132213.8,1150854.2,1141195.9,1168068.6,1153978.6,1127363.9,1122937.7,1110578.7,1121303.8,1110523.6,1116040.2,1107086.5,1104372.7,1136978.7,1142564.5,1125751.4,1123622,1107709.6,1091007,1082203.1,1063213,1064056.3,1065587.4,1068853.3,1072108,1051706.3,1052706,1043062.4,1045332.6,1042442.3,1042917.5,1049809.4,1035338.6,991430.7,984137.7,984289.1,983068.1,974727.3,976220.8,952544.2,942651.6,957943.3,953542,953666.4,946667.1,940888.2,945927.8,947465.1,950287.5,950959.8,950366.7,959443,964230.1,969694.7,1001293.6,985123.1,999574.3,980575.3,980708.4,971300.6,968664,974053.1,975509.8,973923.2,972541.4,964585.5,1003520.9,1003291.4,987546.7,979051,970611.7,995532.6,997014,994477.2,988039.7,986933.5,992971.5,1001731.5,982936.9,985310.6,981070.7,974610.9,983622.1,982461.2,980305.7,984966.7,994658.1,988503.1,985878.9,971489.8,975465.9,969673.9,961984.2,967305.6,983936.5,973882.4,960830.5,955425.9,965110.2,983701.2,961669.3,943781.4,934298.5,981105.7,994939.1,965084.2,965633.1,989757.5,990944.4,1020126.2,987218.3,979674.9,981165.5,979143.3,1013522.1,1048888,1124837.6,1094179.7,1069808.7,1077598.4,1104502,1091646.9,1106905.5,1101760.6,1084376.8,1096648.2,1140986.7,1165085.9,1157589.4,1145384.7,1133152.1,1162236.9,1154640.3,1158198.2,1172627.8,1199924.2,1212002.5,1163676.3,1203562.8,1229314.5,1236742.9,1265080.9,1271561.5,1263495,1258402.8,1269505.4,1244240.8,1261759.7,1299803,1247400.6,1243192.4,1266324.8,1261911.8
"Total assets, large domestically chartered commercial banks, not seasonally adjusted",Currency,1000000,USD,H8/H8/B1151NLGDM,B1151NLGDM,5248655.8,5274588.4,5309935.8,5334313,5370317.2,5390623.7,5375042.3,5437559.9,5491747.3,5506416.6,5536803,5582525.9,5605359.8,5641108.2,5659918.2,5749788.7,5807123.4,5806228,5824234.5,5835068.4,5901100.3,6076895.8,6131538.4,6207155.7,6216426,6227572.9,6254574.6,6295356.4,6323837.7,6354251.4,6364309.3,6485068.1,6608204.8,6682693.5,6836200.8,6880649.7,6928984.5,6944951.4,7032637.1,7009564.8,6975531.1,6940742,6955934,6966264.8,7272926.6,7788085.6,7893394.1,8061019.3,7893075.6,7732781.3,7734823.1,7682377.5,7747460.4,7715613.7,7525475.2,7456301,7479648.8,7478589.3,7530884.5,7517374.7,7437386.7,7461820.9,7474564.5,7637625.2,7615448.1,7546125,7537631,7562824.4,7576718.1,7643110.1,7630182.8,7614353.5,7502781.4,7491036.6,7506503.5,7475384.9,7475743.1,7537439,7585202.1,7648661.5,7679613.8,7674335.7,7705193.6,7764332.1,7738361.5,7753009.9,7709414.4,7683264.3,7703332.5,7771220.5,7812547.7,7815691,7855678.7,7889838.6,7991069,8094954.2,8010787,8022430.5,8079795.1,8082187.1,8090749.7,8126603.4,8144705.3,8161781.6,8224372.3,8302154,8331893.5,8429199.2,8407643.1,8422889.8,8441030,8482193.9,8518210.1,8601518.7,8669188.1,8732002,8840959.3,8832328.6,8956947.5,9087519.5,9162308.5,9179418.8,9256582.5,9234825,9188280,9191026.1,9207063.6,9269388.8,9267567,9294156.4,9374969.8,9401331.4,9411428.9,9458294.4,9500913.1,9568919.6,9576369.7,9661426.9,9677224.7,9728334.4,9791839.4,9788019.4,9823402.5,9863792,9807210,9825016.7,9872724.7,9824144.6,9831046.7,9865445.4,9899715.3,9931144.7,9961891.3,9950405.6,9994498.1,10054453.5,9944740.6,9900221.2,9880989.2,9838316.9,9853579.7,9899307.5,9899694.6,9938055.3,9963934.9,10020879.5,10053168,10167468.2,10068512.1,10094716.4,10194676.9,10195078.6,10205621.6,10301511,10291461.5,10375497.9,10383259.2,10461609.6,10525104.4,10566936.1,10525896,10583034.1,11190006.2,11721473,11899419.6,12008965.2,11989806.1,12010760.4,12038219.9,12057532.6,12217323.2,12380824.9,12329742.8,12342599.1,12528496.9,12612013,12642987.6,12676369.9,12710005.2,12873535.7,12957849.4,13060854.4,13221614.3,13341847.4,13221684,13197212.7,13304692.1,13203965.8,13127973.8,13153231.2,13206638.4,13187405.1,13094086.9,13051224.9,13127242.1,13147818.5,13037500.4,12950968,13151255.4
"Deposits, large domestically chartered commercial banks, not seasonally adjusted",Currency,1000000,USD,H8/H8/B1058NLGDM,B1058NLGDM,3203317.5,3218705.1,3239579.9,3261235.1,3248922.6,3283421,3293166,3309143.5,3336219.8,3355869,3391231.6,3429083.8,3425711.6,3430198.2,3444121.3,3486738.9,3478392.6,3495114.2,3491324.5,3482209.1,3492606,3570997.8,3586924.3,3626733.5,3620478.3,3619896.9,3658813.1,3688245,3649092.5,3648740.8,3655708.5,3686206.1,3702529.6,3781950.7,3854852.8,3896269.4,3865388.1,3880285,3945978.9,3952504.1,3889497.5,3886606.2,3889927.2,3883010.4,4085561.6,4330114.6,4346482.6,4459666.1,4400745.8,4381386.8,4442907.2,4429931.1,4454667,4487125.1,4445433.5,4454983.5,4471103.1,4490135.7,4541087.6,4565274.9,4513529,4519398.7,4547392.6,4559912.1,4547364.7,4562222.8,4541098.3,4549397.1,4581357.9,4618083.6,4670901.7,4700678.9,4674559.2,4701524.4,4747880.3,4783714,4781340.3,4846115.6,4995042.2,5128486.2,5149604.5,5196344.3,5261367.8,5327228,5316636.1,5318252.6,5370206.2,5390067.2,5355756,5427170.7,5472708.1,5500903.7,5547550.7,5621974.1,5747425.4,5865767.1,5789292.1,5767831.4,5839938.6,5859418.3,5818465.4,5840776.3,5881774.1,5902635.7,5941283.5,6050064,6059860.6,6160281.7,6142157,6159048.7,6207345.7,6243114,6215467.6,6258934.6,6305996.6,6306433.7,6403085.8,6362581.7,6452967.7,6592533.4,6562330.2,6600694,6658326.8,6645626.1,6603399.6,6643101.1,6673058.9,6699817.2,6721849.8,6744077.4,6812572.4,6868452.3,6826005,6853626,6932775.3,6990751.2,6956831.9,7026923.4,7049129.1,7113119.1,7148680.3,7189250.9,7238180.5,7316098.5,7289497.2,7276172.3,7345374.4,7342621.5,7313847.1,7318339,7362471.8,7373910,7400641.5,7450975.6,7477751.6,7561650,7499927,7486475.3,7563362.3,7551526.3,7514446.6,7559446.5,7586831.6,7612165.1,7638577,7659630.5,7677182.6,7834163.7,7778624.4,7763161.4,7873974.6,7904778.6,7872554.7,7936707,7958679.2,7972338.5,8031781,8103226,8178833.3,8244440.9,8216411,8239941.2,8737249.1,9282755.8,9555767.1,9736911.1,9743260.9,9750469.9,9838241.4,9892945,10036213.5,10197130.5,10161193,10208584,10448349.8,10537679.2,10573863.2,10632863.7,10709225.6,10826216,10908735.8,10978374.8,11124109.7,11319492.7,11243020.7,11218634.7,11369384,11295435.7,11156437.2,11135418.1,11128526.4,11099938,11009445.2,10888044.9,10889377.7,10987307.5,10835710.4,10710572.2,10733019
"Large time deposits, large domestically chartered commercial banks, not seasonally adjusted",Currency,1000000,USD,H8/H8/B1072NLGDM,B1072NLGDM,431203.4,443371.7,444733.6,451876.5,458203.8,467658.1,478105.1,480547.5,495746.7,503147.3,512078.4,528506.2,538237.8,547328.4,550458.3,565645.2,584934.9,598681.8,604335.7,601177.9,602496.3,611498.3,607167.3,608355.6,603586.3,599565.1,591704.2,577306.4,573637.9,572889.6,582458.4,599272.5,606155.1,648525.2,682650.2,689759.4,686301,679618.9,690331.7,680094.5,661832.6,659845.1,666146.2,659461.5,719164,808058.7,740973,727252.4,691964.9,659504.8,652286.1,632300.5,622244.6,611806,602545.2,595431.2,574733.7,546173.8,532296.6,512205.9,498029.1,480176.5,464508.6,453892.5,451501.3,449311.3,439978.1,433510.9,427716.5,422199,405667,386489.3,381121.4,381206.5,373380,373851.4,370566.6,366030.1,375773.4,372571.1,375673.2,384820.3,393710.1,390417.9,380612.6,379656.5,378041.5,385226.3,381010.1,402793.8,413545,407087.9,401585.2,401243,393442.6,402952,385661.1,380468.4,370250.6,362796.2,366061.1,377343.1,384288.5,381358.9,379059.7,376787.2,372902.3,380668.8,388312.7,381694.8,378635.5,398707.1,399780.6,402009,401212.7,385974.4,379072.8,381389.7,435574.9,465482.7,486413.5,478717.2,474502,472606.8,480846.1,491634.3,508399.6,509052.8,489443.8,494859.6,503685.7,513965.7,519127.3,537135.6,527063.8,524286,519751.5,536811.4,530379.5,520242.3,494415.3,482328.9,482553.3,486100.1,493839.3,486462.3,484008,495353.5,490268.4,485652.3,481655.9,484257.1,482714.8,484059.5,484248.1,489628.3,495980.3,488222.8,479830.9,483783,483642.7,498863.2,509476.4,506344,528289.4,547357.5,543079.9,559408.2,583709.2,600219.8,616189.9,629815.6,608425.1,582551.7,588266.9,586247.2,591921.7,586644.3,580001.8,580309.4,581169.3,581363.2,587570.1,571472.5,528454.9,493550.5,465098.3,430626.4,400045,385365.7,373501.1,364300.1,354747.7,345229,339581.3,332176.9,320445.7,316297.2,313713.8,312459.9,308072.5,313032.8,317129.9,314070.3,311354.5,312596.7,320165.8,326865,332691.4,346433.2,367567.9,379887.3,376353.8,348009.9,355155.7,378312.9,419321.2,462784.6,514213.4
"Other deposits, large domestically chartered commercial banks, not seasonally adjusted",Currency,1000000,USD,H8/H8/B1110NLGDM,B1110NLGDM,2772114.1,2775333.4,2794846.3,2809358.6,2790718.9,2815762.9,2815060.9,2828596.1,2840473.1,2852721.7,2879153.2,2900577.5,2887473.8,2882869.8,2893663,2921093.7,2893457.8,2896432.4,2886988.8,2881031.3,2890109.7,2959499.5,2979757.1,3018377.8,3016892,3020331.8,3067109,3110938.6,3075454.6,3075851.2,3073250.1,3086933.6,3096374.5,3133425.5,3172202.6,3206510,3179087.1,3200666.1,3255647.2,3272409.6,3227664.9,3226761.1,3223781,3223548.9,3366397.6,3522055.9,3605509.6,3732413.7,3708780.9,3721882,3790621.1,3797630.6,3832422.5,3875319.1,3842888.2,3859552.3,3896369.4,3943961.9,4008791,4053069,4015499.8,4039222.2,4082884,4106019.6,4095863.4,4112911.5,4101120.2,4115886.2,4153641.3,4195884.6,4265234.7,4314189.6,4293437.8,4320317.9,4374500.3,4409862.6,4410773.7,4480085.5,4619268.8,4755915.1,4773931.3,4811524,4867657.7,4936810.1,4936023.5,4938596.2,4992164.7,5004840.9,4974745.9,5024376.9,5059163.1,5093815.7,5145965.6,5220731.1,5353982.9,5462815.1,5403631,5387362.9,5469688,5496622.1,5452404.3,5463433.2,5497485.6,5521276.8,5562223.8,5673276.9,5686958.3,5779612.9,5753844.3,5777353.9,5828710.2,5844406.9,5815687,5856925.5,5904783.9,5920459.3,6024013,5981192,6017392.8,6127050.7,6075916.7,6121976.7,6183824.9,6173019.3,6122553.5,6151466.9,6164659.3,6190764.3,6232405.9,6249217.8,6308886.7,6354486.6,6306877.7,6316490.3,6405711.6,6466465.1,6437080.5,6490112.1,6518749.6,6592876.8,6654265.1,6706922,6755627.2,6829998.4,6795657.9,6789710,6861366.4,6847268.1,6823578.7,6832686.8,6880815.9,6889652.9,6917926.7,6966916.2,6993503.5,7072021.7,7003946.7,6998252.5,7083531.4,7067743.2,7030803.9,7060583.4,7077355.3,7105821,7110287.6,7112273,7134102.8,7274755.5,7194915.2,7162941.6,7257784.7,7274963,7264129.6,7354155.3,7370412.3,7386091.3,7439859.3,7516581.8,7598831.5,7664131.5,7635241.7,7658578,8149679,8711283.3,9027312.2,9243360.6,9278162.6,9319843.5,9438196.3,9507579.3,9662712.4,9832830.4,9806445.2,9863354.9,10108768.5,10205502.3,10253417.5,10316566.5,10395511.8,10513756,10600663.2,10665341.9,10806979.8,11005422.3,10931666.2,10906037.9,11049218.2,10968570.7,10823745.7,10788984.9,10760958.5,10720050.6,10633091.3,10540035,10534222,10608994.5,10416389.2,10247787.6,10218805.6
"Borrowings, large domestically chartered commercial banks, not seasonally adjusted",Currency,1000000,USD,H8/H8/B3094NLGDM,B3094NLGDM,866327,880627.2,891542.3,902239.9,914312.6,914440.7,894371,911377.4,931156.3,921543.3,909804,921993.8,938521.3,965280,971442.7,992290.6,1015226.3,1010552.2,986667,982057.3,1028643.8,1064502.2,1060109.2,1053477.1,1056929.4,1066030.7,1090282.9,1108275.8,1112044.8,1132324.1,1135185.7,1186223.6,1245072.6,1193374.8,1195207.9,1199418.4,1191486.2,1190616.7,1217855.7,1250826.6,1257188.1,1249353.2,1254132.7,1279741.6,1360658.2,1572057.7,1556882.8,1469776.8,1425602.1,1426397.8,1408598.7,1387425,1408461.6,1365386.8,1223263.9,1161265.1,1110044.1,1095325.7,1076568.4,1071211,1103881.5,1120345.3,1140833.3,1346056.8,1314311.6,1234671.1,1192423.5,1187381.6,1172518.4,1153043.7,1119013.5,1103538.1,1030359.6,1040518.5,1017768.4,931009.5,915329.3,919175.5,879166.5,863324.1,853162.1,844468.7,852523.8,842515.7,828287.4,828244.8,796919.4,768019.5,789679.6,789508,790461.2,777026.2,787115.2,782757.5,763145.1,761835.7,767981.6,763298.2,745792.4,735110.6,748012,730602.8,722260.4,713285.6,719543.2,712760.9,724421.3,725474.7,745352.7,738716.7,744624.5,757819.5,770766.4,781953.8,775610.1,767590.9,784757.2,787506.8,784289.9,789120.5,805341.8,794529.7,801025,802196.1,823301.6,814414.2,806652.2,796139.2,782260,803612,809015.3,813132.8,826490.9,841463.8,833282.1,816708.6,847513.6,848318.5,841952.3,832873.2,859028.8,844550.3,838172.9,824878,833293,843367.4,820469.1,801618.7,824264.5,813128,809506,819552,831049.8,816146.6,811487.8,813137.5,827092.9,844586.7,813019.8,801709.3,820037.7,815732.6,799352.7,794495.6,786620.5,812847.4,796795.9,778110.4,787111.8,790391.6,771540,793420.1,815688,804921.2,789233.8,770654.3,779563.6,781941,759404.4,749800.2,742935.1,737662,808405.1,801705,719418.3,656001.5,627609.6,613523.5,587305.2,559954,548045.3,534483.6,512048.2,510811.6,504307.1,474740.3,454264.5,425998.9,407754.9,409607.4,412803.2,436731.7,429276.8,411031.9,401846.8,406324.2,391117.9,393059.7,437511.5,469644.9,493791.6,496170.6,517027,546644.6,601134,581155.1,619756.7,644368.4,837582.9
"Net due to related foreign offices, large domestically chartered commercial banks, not seasonally adjusted",Currency,1000000,USD,H8/H8/B1100NLGDM,B1100NLGDM,229333.1,214098.1,208179.7,196013.3,224453.9,201226.9,215089.6,230936.1,227839.6,247212.3,238400.3,240252,249680.6,238543.9,228110.6,228207.6,249680.6,248799.9,283478.3,288164.4,281813.2,275765.3,303101.3,337896.8,355962.6,360385.8,324360.4,317755.7,359096.9,360684.8,370977.1,373579.9,397013.7,415779.1,435285.4,450219.5,500677.6,482730.5,456693.5,444341.2,489730.3,488908.3,483048.2,462131.9,449243.9,464065.7,509343.5,550490.8,579434.6,477530.6,419539.7,451684.6,475734.2,462308.7,466362,473629.3,515884.6,521121.3,514587.3,476600.9,428980.9,421722.9,390132.3,347205,317995.5,307054.9,339020.6,323828.3,304262.7,323952.8,315484.8,306769,305791.4,296486.6,278685.6,274510.5,261843.1,232033.4,187632.2,75366.4,69279.5,47883.5,-10900.9,14542.2,9070.6,10175.5,-34262.4,-40813,-20720.5,-33575,-31470.5,-44017.2,-76292.1,-104051.6,-125512.1,-139599.7,-114658.7,-91486.5,-87308.8,-97422.3,-57148,-11600.5,3577.2,4061.7,17399.9,5970.1,6022.5,-4182.3,-22242.9,-30196.7,-62446.4,-49843.5,-20110.8,12008.2,40524.4,90761.6,69465.5,80041.7,89681.9,55751.5,65629.6,72839.3,83662.6,81162.5,68971.3,48887.6,55845.2,76118,69154.2,45916.4,42487.1,31483,56192.2,50013.5,41872.8,62109.3,77551.3,66941.2,55677.9,46091.8,51446.5,28806.8,40465.7,24794.7,13827.1,20658.4,28343.4,6983.4,4005.4,27440.6,10051.5,12143.5,-6684.5,-28076.8,489,-15575.4,-55902.5,-81664.8,-139951.8,-157359.6,-144955.8,-140677.2,-148844,-150216.7,-153870,-168339.4,-144304.2,-148387.4,-171843.8,-184237.1,-195445.2,-202044.6,-204710.6,-199233.7,-227574.1,-188822.8,-241080.7,-234602.8,-235487.3,-250534.3,-276303.5,-280024.1,-303859.3,-175924.9,-165494.9,-186284.8,-177529.5,-160563.6,-188542.1,-196516.5,-199974.9,-197562.6,-254612.2,-264436.8,-302565.2,-276175.6,-270384.1,-280944.2,-321687.8,-304463.8,-307333.8,-297977.1,-273720.2,-277848.9,-340420.7,-346239.1,-381103.4,-408378.3,-382783.8,-367178.8,-365960.2,-365344.6,-373288.9,-326561,-334829,-376367.4,-380437.3,-372181.3,-389353.8
"Other liabilities, large domestically chartered commercial banks, not seasonally adjusted",Currency,1000000,USD,H8/H8/B3095NLGDM,B3095NLGDM,410803.2,419219.4,422222.1,425821,429997.8,433186.9,414098.1,424233.9,432677.1,421724.4,430974.8,420603.7,418835,429749.4,429025,451453.5,465757.2,454013.8,459399.6,472342.8,471678.8,495119.4,505763.3,498776.6,488303.9,490376.9,488795,489332.4,508311.3,517882.3,502993.3,521801.1,531732.3,550492.7,596181,578727.5,596309.7,615869.6,640050.2,588359.2,560875.4,541489.5,545453.4,558024,579738.8,624305.6,681206.1,759397.2,680955.5,616809.9,626319.6,566930.1,550426.1,545273.6,509623.1,484454.9,484666.7,458817.4,467491.8,470640.9,458881.8,454808.9,452633.9,449063.4,489596.5,488513.7,506372.2,530536.1,545758.3,580281.4,554224.4,525287.8,514892.6,475036.6,477732.9,476925.7,491877.4,496737.3,518011,547534.1,558019.5,551534.4,561652.7,536631.1,539960.5,540621.7,515900.4,519742.5,525384.5,527728.1,515808.9,508103.1,511765.9,501089,499210.2,498396,479104.8,486175.8,483414.4,483452.1,480381.5,473258.1,456743.8,454573.3,453718.5,438037.3,432955.3,434197.1,422683.6,426555.4,420435.7,396838.8,402827.5,395517.6,401998.5,412512.8,428553.3,444572.7,461715,475113.1,510452.8,491793.7,488689.1,471253.9,457960.1,451972,437974.1,451411.1,441471.3,443189,445316.8,419224.5,435186,442498.3,430391.1,433698.6,425247.4,437876.3,447537,449523.1,440178.9,436641.8,431118.2,422535.9,393805.6,402656.6,399386.6,389074.2,395488.1,399319.8,402081,395721.3,400288.4,390238.2,386913.5,380169.6,398627,382253.9,369300.1,371752.4,388276.6,378664.9,372184.2,385890.2,400606.5,409318.4,403332,387773,373783.4,406756.6,416175.9,374207.8,380460.6,399637.7,393934.2,425885.2,419215,415337.9,417423.1,402926.6,422941.5,457222.3,536577.4,499863.2,484901,478820.5,474307.8,470153.5,445933.6,455675.8,461999,455742.5,485526.9,481423.6,492004,472687.6,471092.1,475570.3,460990.1,474094.2,480150.8,496480.9,501511.3,456282.3,469576.5,464684.6,475435.2,487190.4,483289.7,484904.4,488027.5,497243.1,500871.9,524277.4,543314.2,508688.9,498524.7,498294,488861.9
"Total liabilities, large domestically chartered commercial banks, not seasonally adjusted",Currency,1000000,USD,H8/H8/B1152NLGDM,B1152NLGDM,4709780.9,4732649.8,4761524,4785309.3,4817687,4832275.5,4816724.6,4875690.9,4927892.8,4946349,4970410.7,5011933.2,5032748.6,5063771.4,5072699.7,5158690.6,5209056.8,5208480.1,5220869.4,5224773.6,5274741.8,5406384.6,5455898.1,5516884.1,5521674.2,5536690.3,5562251.4,5603608.8,5628545.5,5659632,5664864.6,5767810.6,5876348.2,5941597.4,6081527.1,6124634.9,6153861.5,6169501.8,6260578.4,6236031.2,6197291.3,6166357.1,6172561.5,6182907.9,6475202.5,6990543.6,7093915,7239330.9,7086738,6902125.1,6897365.1,6835970.9,6889288.9,6860094.1,6644682.4,6574332.8,6581698.5,6565400.1,6599735.2,6583727.8,6505273.1,6516275.9,6530992.1,6702237.3,6669268.3,6592462.5,6578914.6,6591143,6603897.2,6675361.5,6659624.4,6636273.9,6525602.8,6513566.1,6522067.2,6466159.7,6450390,6494061.8,6579851.9,6614710.8,6630065.6,6640230.9,6664643.3,6720917,6693954.5,6697294.6,6648763.5,6637016.3,6650099.7,6710831.8,6747507.7,6742015.8,6770139.8,6801768.9,6884268.7,6986399.1,6921719.8,6925818.9,6981836.6,6980558.7,6989710.9,7033036.8,7064355.5,7074556.3,7131945.1,7206832.4,7223259.8,7315771.2,7287950.4,7294124.1,7309959.5,7347928.8,7368950.7,7448414.1,7524129.6,7577299,7685861.7,7674703,7788654.4,7912518.4,7943754.4,7959856.7,8031703.5,8000238.6,7953632.6,7958374.9,7973530.4,8023485.5,8014735.2,8036794.9,8109391.6,8132292.7,8143874.1,8187601.7,8238321.3,8303267.5,8307144.2,8380059.5,8394296.3,8441607.2,8499334.6,8499249.8,8547937.3,8588307.1,8530422.9,8542854.7,8593573.6,8540297.8,8537605.1,8558227.5,8584110.4,8601326.8,8625295.3,8629283.6,8676641.9,8739381.6,8669744.4,8631651,8605730.4,8567628.3,8577805.1,8613166.7,8609524.6,8642334.2,8671934.1,8713456.9,8733006.4,8851659.7,8767675.8,8776072.5,8866245.3,8870362,8863992.6,8942032.2,8914273.1,8980055.2,8989478.9,9065902.1,9120173.5,9146633.3,9105984.1,9154801.5,9778372.3,10408399,10594591.5,10685448.3,10667648.8,10673583.2,10682938,10712058.2,10846282.8,10989794,10904155.9,10936382.5,11142095.7,11208931.6,11228835.7,11253488.6,11256282.7,11405453.8,11494355.9,11613610.3,11781177.6,11908958,11774023.3,11743404.3,11854833.8,11767307.5,11694454.6,11722788.6,11744385.4,11728007.1,11654055.1,11632405.9,11698996.9,11700784,11573554.6,11481053.3,11670109.9
"Residual (assets less liabilities), large domestically chartered commercial banks, not seasonally adjusted",Currency,1000000,USD,H8/H8/B1091NLGDM,B1091NLGDM,538875,541938.6,548411.7,549003.7,552630.3,558348.2,558317.7,561869,563854.4,560067.6,566392.2,570592.7,572611.3,577336.8,587218.5,591098.1,598066.7,597747.9,603365,610294.7,626358.5,670511.2,675640.3,690271.6,694751.8,690882.7,692323.2,691747.5,695292.2,694619.4,699444.8,717257.5,731856.6,741096.1,754673.7,756014.9,775122.9,775449.6,772058.7,773533.7,778239.8,774384.9,783372.5,783356.9,797724.1,797541.9,799479.1,821688.4,806337.6,830656.2,837458,846406.6,858171.5,855519.5,880792.8,881968.2,897950.3,913189.2,931149.3,933646.9,932113.6,945545.1,943572.4,935387.9,946179.9,953662.5,958716.4,971681.4,972820.9,967748.6,970558.3,978079.7,977178.6,977470.5,984436.2,1009225.3,1025353,1043377.2,1005350.2,1033950.7,1049548.1,1034104.8,1040550.3,1043415.1,1044406.9,1055715.3,1060650.9,1046248,1053232.8,1060388.7,1065040.1,1073675.2,1085538.8,1088069.8,1106800.4,1108555,1089067.3,1096611.6,1097958.5,1101628.4,1101038.8,1093566.6,1080349.8,1087225.3,1092427.2,1095321.6,1108633.8,1113428,1119692.7,1128765.6,1131070.5,1134265.2,1149259.4,1153104.6,1145058.6,1154703,1155097.6,1157625.6,1168293.1,1175001.2,1218554,1219562,1224879,1234586.4,1234647.4,1232651.3,1233533.2,1245903.3,1252831.8,1257361.6,1265578.2,1269038.7,1267554.8,1270692.8,1262591.8,1265652,1269225.4,1281367.4,1282928.4,1286727.2,1292504.7,1288769.6,1275465.2,1275484.9,1276787.2,1282162.1,1279151.1,1283846.8,1293441.6,1307217.9,1315604.9,1329817.9,1336596.1,1321122,1317856.2,1315071.9,1274996.3,1268570.2,1275258.8,1270688.6,1275774.6,1286140.8,1290170,1295721.2,1292000.8,1307422.6,1320161.6,1315808.5,1300836.2,1318644,1328431.6,1324716.6,1341629,1359478.8,1377188.5,1395442.6,1393780.2,1395707.5,1404930.9,1420302.8,1419911.9,1428232.6,1411633.9,1313074,1304828,1323516.9,1322157.3,1337177.2,1355281.9,1345474.4,1371040.4,1391030.9,1425586.9,1406216.7,1386401.1,1403081.4,1414151.8,1422881.2,1453722.5,1468081.9,1463493.5,1447244.1,1440436.7,1432889.4,1447660.7,1453808.3,1449858.3,1436658.3,1433519.2,1430442.6,1462253,1459398,1440031.8,1418818.9,1428245.2,1447034.5,1463945.8,1469914.7,1481145.5
